difficulty,task,language,cot,direct,cot_delta
short,date_addition,en_US,1.0,0.98,0.02
short,date_addition,hi_IN,0.98,0.962,0.018
short,date_duration,en_US,0.987,0.96,0.027
short,date_duration,hi_IN,0.876,0.918,-0.042
short,date_recurrence,en_US,0.961,0.464,0.497
short,date_recurrence,hi_IN,0.283,0.098,0.186
short,date_subtraction,en_US,0.989,0.982,0.007
short,date_subtraction,hi_IN,0.973,0.987,-0.013
short,day_of_week,en_US,0.757,0.142,0.615
short,day_of_week,hi_IN,0.223,0.139,0.084
medium,date_addition,en_US,0.998,0.971,0.027
medium,date_addition,hi_IN,0.933,0.951,-0.018
medium,date_duration,en_US,0.989,0.929,0.06
medium,date_duration,hi_IN,0.878,0.9,-0.022
medium,date_recurrence,en_US,0.966,0.153,0.813
medium,date_recurrence,hi_IN,0.431,0.047,0.384
medium,date_subtraction,en_US,0.98,0.951,0.029
medium,date_subtraction,hi_IN,0.866,0.96,-0.094
medium,day_of_week,en_US,0.708,0.114,0.594
medium,day_of_week,hi_IN,0.223,0.168,0.055
long,date_addition,en_US,0.991,0.942,0.049
long,date_addition,hi_IN,0.898,0.887,0.011
long,date_duration,en_US,0.993,0.901,0.091
long,date_duration,hi_IN,0.894,0.889,0.005
very_long,date_addition,en_US,0.951,0.856,0.096
very_long,date_addition,hi_IN,0.72,0.78,-0.06
very_long,date_duration,en_US,0.996,0.767,0.229
very_long,date_duration,hi_IN,0.857,0.7,0.157
very_long,date_recurrence,en_US,0.839,0.116,0.723
very_long,date_recurrence,hi_IN,0.065,0.0,0.065
very_long,date_subtraction,en_US,0.909,0.876,0.033
very_long,date_subtraction,hi_IN,0.507,0.82,-0.313
very_long,day_of_week,en_US,0.641,0.167,0.475
very_long,day_of_week,hi_IN,0.208,0.162,0.046
very_long,interval_date,en_US,0.431,0.298,0.133
very_long,interval_date,hi_IN,0.179,0.351,-0.172
very_long,time_addition,en_US,0.971,0.577,0.393
very_long,time_addition,hi_IN,0.735,0.602,0.134
very_long,time_duration,en_US,0.998,0.588,0.409
very_long,time_duration,hi_IN,0.726,0.289,0.438
very_long,time_subtraction,en_US,0.985,0.489,0.495
very_long,time_subtraction,hi_IN,0.742,0.517,0.225
