difficulty,task,language,insertion,cot_responses,cot_ratio_avg,cot_ratio_pooled
short,date_addition,en_US,dissimilar_insertion,150,1.0,1.0
short,date_addition,en_US,no_insertion,150,1.0,1.0
short,date_addition,en_US,similar_insertion,150,1.0,1.0
short,date_addition,hi_IN,dissimilar_insertion,150,0.998,0.997
short,date_addition,hi_IN,no_insertion,150,0.996,0.996
short,date_addition,hi_IN,similar_insertion,150,0.999,0.998
short,date_duration,en_US,dissimilar_insertion,150,1.0,1.0
short,date_duration,en_US,no_insertion,150,1.0,1.0
short,date_duration,en_US,similar_insertion,150,1.0,1.0
short,date_duration,hi_IN,dissimilar_insertion,150,1.0,1.0
short,date_duration,hi_IN,no_insertion,150,1.0,1.0
short,date_duration,hi_IN,similar_insertion,150,0.999,0.999
short,date_recurrence,en_US,dissimilar_insertion,150,1.0,1.0
short,date_recurrence,en_US,no_insertion,150,1.0,1.0
short,date_recurrence,en_US,similar_insertion,150,1.0,1.0
short,date_recurrence,hi_IN,dissimilar_insertion,150,0.981,0.979
short,date_recurrence,hi_IN,no_insertion,150,0.982,0.983
short,date_recurrence,hi_IN,similar_insertion,150,0.978,0.98
short,date_subtraction,en_US,dissimilar_insertion,150,1.0,1.0
short,date_subtraction,en_US,no_insertion,150,1.0,1.0
short,date_subtraction,en_US,similar_insertion,150,1.0,1.0
short,date_subtraction,hi_IN,dissimilar_insertion,150,0.999,0.999
short,date_subtraction,hi_IN,no_insertion,150,0.999,0.999
short,date_subtraction,hi_IN,similar_insertion,150,0.997,0.996
short,day_of_week,en_US,dissimilar_insertion,146,1.0,1.0
short,day_of_week,en_US,no_insertion,146,1.0,1.0
short,day_of_week,en_US,similar_insertion,146,1.0,1.0
short,day_of_week,hi_IN,dissimilar_insertion,146,0.986,0.985
short,day_of_week,hi_IN,no_insertion,146,0.958,0.92
short,day_of_week,hi_IN,similar_insertion,146,0.976,0.966
medium,date_addition,en_US,dissimilar_insertion,150,1.0,1.0
medium,date_addition,en_US,no_insertion,150,1.0,1.0
medium,date_addition,en_US,similar_insertion,150,1.0,1.0
medium,date_addition,hi_IN,dissimilar_insertion,150,0.998,0.997
medium,date_addition,hi_IN,no_insertion,150,0.996,0.995
medium,date_addition,hi_IN,similar_insertion,150,0.998,0.997
medium,date_duration,en_US,dissimilar_insertion,150,1.0,1.0
medium,date_duration,en_US,no_insertion,150,1.0,1.0
medium,date_duration,en_US,similar_insertion,150,1.0,1.0
medium,date_duration,hi_IN,dissimilar_insertion,150,0.999,0.999
medium,date_duration,hi_IN,no_insertion,150,0.999,1.0
medium,date_duration,hi_IN,similar_insertion,150,1.0,0.999
medium,date_recurrence,en_US,dissimilar_insertion,150,1.0,1.0
medium,date_recurrence,en_US,no_insertion,150,1.0,1.0
medium,date_recurrence,en_US,similar_insertion,150,1.0,1.0
medium,date_recurrence,hi_IN,dissimilar_insertion,150,0.97,0.971
medium,date_recurrence,hi_IN,no_insertion,150,0.976,0.976
medium,date_recurrence,hi_IN,similar_insertion,150,0.967,0.967
medium,date_subtraction,en_US,dissimilar_insertion,150,1.0,1.0
medium,date_subtraction,en_US,no_insertion,150,1.0,1.0
medium,date_subtraction,en_US,similar_insertion,150,1.0,1.0
medium,date_subtraction,hi_IN,dissimilar_insertion,150,0.999,0.998
medium,date_subtraction,hi_IN,no_insertion,150,0.997,0.997
medium,date_subtraction,hi_IN,similar_insertion,150,0.998,0.996
medium,day_of_week,en_US,dissimilar_insertion,149,1.0,1.0
medium,day_of_week,en_US,no_insertion,149,1.0,1.0
medium,day_of_week,en_US,similar_insertion,149,1.0,1.0
medium,day_of_week,hi_IN,dissimilar_insertion,149,0.965,0.965
medium,day_of_week,hi_IN,no_insertion,149,0.942,0.93
medium,day_of_week,hi_IN,similar_insertion,149,0.97,0.968
long,date_addition,en_US,dissimilar_insertion,150,1.0,1.0
long,date_addition,en_US,no_insertion,150,1.0,1.0
long,date_addition,en_US,similar_insertion,150,1.0,1.0
long,date_addition,hi_IN,dissimilar_insertion,150,0.998,0.997
long,date_addition,hi_IN,no_insertion,150,0.996,0.996
long,date_addition,hi_IN,similar_insertion,150,0.997,0.998
long,date_duration,en_US,dissimilar_insertion,135,1.0,1.0
long,date_duration,en_US,no_insertion,135,1.0,1.0
long,date_duration,en_US,similar_insertion,135,1.0,1.0
long,date_duration,hi_IN,dissimilar_insertion,135,1.0,1.0
long,date_duration,hi_IN,no_insertion,135,0.999,0.999
long,date_duration,hi_IN,similar_insertion,135,1.0,1.0
very_long,date_addition,en_US,dissimilar_insertion,150,1.0,1.0
very_long,date_addition,en_US,no_insertion,150,1.0,1.0
very_long,date_addition,en_US,similar_insertion,150,1.0,1.0
very_long,date_addition,hi_IN,dissimilar_insertion,150,0.997,0.997
very_long,date_addition,hi_IN,no_insertion,150,0.996,0.996
very_long,date_addition,hi_IN,similar_insertion,150,0.998,0.998
very_long,date_duration,en_US,dissimilar_insertion,150,1.0,1.0
very_long,date_duration,en_US,no_insertion,150,1.0,1.0
very_long,date_duration,en_US,similar_insertion,150,1.0,1.0
very_long,date_duration,hi_IN,dissimilar_insertion,150,0.999,0.999
very_long,date_duration,hi_IN,no_insertion,150,1.0,1.0
very_long,date_duration,hi_IN,similar_insertion,150,0.999,0.999
very_long,date_recurrence,en_US,dissimilar_insertion,150,1.0,1.0
very_long,date_recurrence,en_US,no_insertion,150,1.0,1.0
very_long,date_recurrence,en_US,similar_insertion,150,1.0,1.0
very_long,date_recurrence,hi_IN,dissimilar_insertion,150,0.993,0.993
very_long,date_recurrence,hi_IN,no_insertion,150,0.991,0.992
very_long,date_recurrence,hi_IN,similar_insertion,150,0.99,0.991
very_long,date_subtraction,en_US,dissimilar_insertion,150,1.0,1.0
very_long,date_subtraction,en_US,no_insertion,150,1.0,1.0
very_long,date_subtraction,en_US,similar_insertion,150,1.0,1.0
very_long,date_subtraction,hi_IN,dissimilar_insertion,150,0.999,0.999
very_long,date_subtraction,hi_IN,no_insertion,150,0.999,0.999
very_long,date_subtraction,hi_IN,similar_insertion,150,0.996,0.995
very_long,day_of_week,en_US,dissimilar_insertion,150,1.0,1.0
very_long,day_of_week,en_US,no_insertion,150,1.0,1.0
very_long,day_of_week,en_US,similar_insertion,150,1.0,1.0
very_long,day_of_week,hi_IN,dissimilar_insertion,150,0.971,0.973
very_long,day_of_week,hi_IN,no_insertion,150,0.921,0.918
very_long,day_of_week,hi_IN,similar_insertion,150,0.962,0.958
very_long,interval_date,en_US,dissimilar_insertion,150,1.0,1.0
very_long,interval_date,en_US,no_insertion,150,1.0,1.0
very_long,interval_date,en_US,similar_insertion,150,1.0,1.0
very_long,interval_date,hi_IN,dissimilar_insertion,150,0.998,0.998
very_long,interval_date,hi_IN,no_insertion,150,0.998,0.998
very_long,interval_date,hi_IN,similar_insertion,150,0.999,0.999
very_long,time_addition,en_US,dissimilar_insertion,149,1.0,1.0
very_long,time_addition,en_US,no_insertion,149,1.0,1.0
very_long,time_addition,en_US,similar_insertion,149,1.0,1.0
very_long,time_addition,hi_IN,dissimilar_insertion,149,0.998,0.998
very_long,time_addition,hi_IN,no_insertion,149,0.998,0.998
very_long,time_addition,hi_IN,similar_insertion,149,0.998,0.998
very_long,time_duration,en_US,dissimilar_insertion,149,1.0,1.0
very_long,time_duration,en_US,no_insertion,149,1.0,1.0
very_long,time_duration,en_US,similar_insertion,149,1.0,1.0
very_long,time_duration,hi_IN,dissimilar_insertion,149,0.997,0.993
very_long,time_duration,hi_IN,no_insertion,149,0.997,0.997
very_long,time_duration,hi_IN,similar_insertion,149,0.998,0.998
very_long,time_subtraction,en_US,dissimilar_insertion,111,1.0,1.0
very_long,time_subtraction,en_US,no_insertion,111,1.0,1.0
very_long,time_subtraction,en_US,similar_insertion,111,1.0,1.0
very_long,time_subtraction,hi_IN,dissimilar_insertion,111,0.998,0.998
very_long,time_subtraction,hi_IN,no_insertion,111,0.998,0.999
very_long,time_subtraction,hi_IN,similar_insertion,111,0.997,0.996
