difficulty,task,condition,pairs,pairs_scored,both_right,both_wrong,en_only,hi_only,split_rate,split_rate_if_independent,phi_correlation,en_only_vs_hi_only_p
short,date_addition,cot,450,450,441,0,9,0,0.02,0.02,,0.004
short,date_addition,direct,450,450,428,4,13,5,0.04,0.056,0.305,0.096
short,date_duration,cot,450,450,389,1,55,5,0.133,0.134,0.015,0.0
short,date_duration,direct,450,450,399,4,33,14,0.104,0.116,0.104,0.008
short,date_recurrence,cot,450,432,126,16,289,1,0.671,0.69,0.104,0.0
short,date_recurrence,direct,450,446,41,236,166,3,0.379,0.471,0.31,0.0
short,date_subtraction,cot,450,450,434,1,11,4,0.033,0.037,0.114,0.118
short,date_subtraction,direct,450,450,439,3,3,5,0.018,0.031,0.424,0.727
short,day_of_week,cot,438,393,77,83,220,13,0.593,0.639,0.127,0.0
short,day_of_week,direct,438,438,12,327,50,49,0.226,0.241,0.064,1.0
medium,date_addition,cot,450,450,420,1,29,0,0.064,0.069,0.177,0.0
medium,date_addition,direct,450,450,421,6,16,7,0.051,0.075,0.33,0.093
medium,date_duration,cot,450,450,390,0,55,5,0.133,0.131,-0.04,0.0
medium,date_duration,direct,450,450,392,19,26,13,0.087,0.157,0.455,0.053
medium,date_recurrence,cot,450,442,190,11,237,4,0.545,0.557,0.065,0.0
medium,date_recurrence,direct,450,450,6,366,63,15,0.173,0.186,0.081,0.0
medium,date_subtraction,cot,450,449,383,3,57,6,0.14,0.148,0.084,0.0
medium,date_subtraction,direct,450,450,418,8,10,14,0.053,0.085,0.374,0.541
medium,day_of_week,cot,447,375,62,86,206,21,0.605,0.62,0.038,0.0
medium,day_of_week,direct,447,447,11,332,40,64,0.233,0.244,0.046,0.024
long,date_addition,cot,450,450,400,0,46,4,0.111,0.109,-0.032,0.0
long,date_addition,direct,450,450,390,17,34,9,0.096,0.158,0.422,0.0
long,date_duration,cot,405,404,359,1,42,2,0.109,0.112,0.064,0.0
long,date_duration,direct,405,405,334,14,31,26,0.141,0.188,0.252,0.597
very_long,date_addition,cot,450,450,308,6,120,16,0.302,0.302,-0.004,0.0
very_long,date_addition,direct,450,450,332,46,53,19,0.16,0.301,0.484,0.0
very_long,date_duration,cot,450,447,381,0,64,2,0.148,0.146,-0.027,0.0
very_long,date_duration,direct,450,450,262,52,83,53,0.302,0.393,0.235,0.013
very_long,date_recurrence,cot,450,406,23,60,318,5,0.796,0.793,-0.014,0.0
very_long,date_recurrence,direct,450,438,0,387,51,0,0.116,0.116,,0.0
very_long,date_subtraction,cot,450,448,210,24,197,17,0.478,0.495,0.058,0.0
very_long,date_subtraction,direct,450,450,339,26,55,30,0.189,0.26,0.279,0.009
very_long,day_of_week,cot,450,338,46,95,172,25,0.583,0.584,0.003,0.0
very_long,day_of_week,direct,450,450,17,319,58,56,0.253,0.275,0.078,0.925
very_long,interval_date,cot,450,430,44,214,142,30,0.4,0.456,0.149,0.0
very_long,interval_date,direct,450,450,100,258,34,58,0.204,0.44,0.539,0.016
very_long,time_addition,cot,447,442,317,4,112,9,0.274,0.276,0.018,0.0
very_long,time_addition,direct,447,447,192,112,66,77,0.32,0.484,0.34,0.403
very_long,time_duration,cot,447,446,324,1,121,0,0.271,0.275,0.077,0.0
very_long,time_duration,direct,447,447,77,132,186,52,0.532,0.537,0.011,0.0
very_long,time_subtraction,cot,333,329,241,2,83,3,0.261,0.266,0.04,0.0
very_long,time_subtraction,direct,333,333,119,117,44,53,0.291,0.5,0.418,0.417
all,all,cot,9267,8931,5565,609,2585,172,0.309,0.383,0.273,0.0
all,all,direct,9267,9251,4729,2785,1115,622,0.188,0.479,0.612,0.0
