difficulty,task,cot_delta_none_en,cot_delta_none_hi,cot_delta_none_en_minus_hi,cot_delta_similar_en,cot_delta_similar_hi,cot_delta_similar_en_minus_hi,cot_delta_dissimilar_en,cot_delta_dissimilar_hi,cot_delta_dissimilar_en_minus_hi,cot_none_minus_similar_en,cot_none_minus_similar_hi,cot_none_minus_similar_en_minus_hi,cot_none_minus_dissimilar_en,cot_none_minus_dissimilar_hi,cot_none_minus_dissimilar_en_minus_hi,cot_similar_minus_dissimilar_en,cot_similar_minus_dissimilar_hi,cot_similar_minus_dissimilar_en_minus_hi,direct_none_minus_similar_en,direct_none_minus_similar_hi,direct_none_minus_similar_en_minus_hi,direct_none_minus_dissimilar_en,direct_none_minus_dissimilar_hi,direct_none_minus_dissimilar_en_minus_hi,direct_similar_minus_dissimilar_en,direct_similar_minus_dissimilar_hi,direct_similar_minus_dissimilar_en_minus_hi,cot_drop_minus_direct_drop_none_similar_en,cot_drop_minus_direct_drop_none_similar_hi,cot_drop_minus_direct_drop_none_similar_en_minus_hi,cot_drop_minus_direct_drop_none_dissimilar_en,cot_drop_minus_direct_drop_none_dissimilar_hi,cot_drop_minus_direct_drop_none_dissimilar_en_minus_hi,cot_drop_minus_direct_drop_similar_dissimilar_en,cot_drop_minus_direct_drop_similar_dissimilar_hi,cot_drop_minus_direct_drop_similar_dissimilar_en_minus_hi
short,date_addition,0.02,0.007,0.013,0.013,0.047,-0.034,0.027,0.0,0.027,0.0,0.013,-0.013,0.0,0.007,-0.007,0.0,-0.007,0.007,-0.007,0.053,-0.06,0.007,0.0,0.007,0.013,-0.053,0.066,0.007,-0.04,0.047,-0.007,0.007,-0.014,-0.013,0.046,-0.059
short,date_duration,0.007,0.067,-0.06,0.027,-0.12,0.147,0.047,-0.073,0.12,-0.007,0.06,-0.067,-0.013,-0.007,-0.006,-0.007,-0.067,0.06,0.013,-0.127,0.14,0.027,-0.147,0.174,0.013,-0.02,0.033,-0.02,0.187,-0.207,-0.04,0.14,-0.18,-0.02,-0.047,0.027
short,date_recurrence,0.48,0.313,0.167,0.487,0.13,0.357,0.52,0.113,0.407,0.068,0.116,-0.048,0.033,0.173,-0.14,-0.035,0.057,-0.092,0.075,-0.067,0.142,0.073,-0.027,0.1,-0.002,0.04,-0.042,-0.007,0.183,-0.19,-0.04,0.2,-0.24,-0.033,0.017,-0.05
short,date_subtraction,0.007,-0.007,0.014,0.007,-0.027,0.034,0.007,-0.007,0.014,0.0,0.027,-0.027,-0.007,-0.007,0.0,-0.007,-0.033,0.026,0.0,0.007,-0.007,-0.007,-0.007,0.0,-0.007,-0.013,0.006,0.0,0.02,-0.02,0.0,0.0,0.0,0.0,-0.02,0.02
short,day_of_week,0.645,0.085,0.56,0.595,0.034,0.561,0.607,0.132,0.475,0.036,0.058,-0.022,0.018,0.001,0.017,-0.018,-0.057,0.039,-0.014,0.007,-0.021,-0.021,0.048,-0.069,-0.007,0.041,-0.048,0.05,0.051,-0.001,0.039,-0.047,0.086,-0.011,-0.098,0.087
medium,date_addition,0.013,-0.007,0.02,0.033,-0.027,0.06,0.033,-0.02,0.053,-0.007,0.013,-0.02,-0.007,0.027,-0.034,0.0,0.013,-0.013,0.013,-0.007,0.02,0.013,0.013,0.0,0.0,0.02,-0.02,-0.02,0.02,-0.04,-0.02,0.014,-0.034,0.0,-0.007,0.007
medium,date_duration,0.06,0.087,-0.027,0.047,-0.06,0.107,0.073,-0.093,0.166,0.007,0.1,-0.093,-0.013,0.127,-0.14,-0.02,0.027,-0.047,-0.007,-0.047,0.04,0.0,-0.053,0.053,0.007,-0.007,0.014,0.014,0.147,-0.133,-0.013,0.18,-0.193,-0.027,0.034,-0.061
medium,date_recurrence,0.873,0.373,0.5,0.73,0.373,0.357,0.833,0.407,0.426,0.043,0.033,0.01,0.02,-0.027,0.047,-0.023,-0.06,0.037,-0.1,0.033,-0.133,-0.02,0.007,-0.027,0.08,-0.027,0.107,0.143,0.0,0.143,0.04,-0.034,0.074,-0.103,-0.033,-0.07
medium,date_subtraction,0.033,-0.093,0.126,0.047,-0.094,0.141,0.007,-0.093,0.1,0.013,0.021,-0.008,0.047,0.02,0.027,0.033,-0.001,0.034,0.027,0.02,0.007,0.02,0.02,0.0,-0.007,0.0,-0.007,-0.014,0.001,-0.015,0.027,0.0,0.027,0.04,-0.001,0.041
medium,day_of_week,0.57,0.121,0.449,0.591,-0.033,0.624,0.621,0.081,0.54,-0.035,0.167,-0.202,-0.018,0.027,-0.045,0.017,-0.14,0.157,-0.013,0.013,-0.026,0.034,-0.013,0.047,0.047,-0.027,0.074,-0.022,0.154,-0.176,-0.052,0.04,-0.092,-0.03,-0.113,0.083
long,date_addition,0.053,0.027,0.026,0.053,-0.013,0.066,0.04,0.02,0.02,-0.013,0.013,-0.026,0.0,-0.007,0.007,0.013,-0.02,0.033,-0.013,-0.027,0.014,-0.013,-0.013,0.0,0.0,0.013,-0.013,0.0,0.04,-0.04,0.013,0.006,0.007,0.013,-0.033,0.046
long,date_duration,0.111,0.037,0.074,0.074,-0.001,0.075,0.089,-0.022,0.111,0.022,0.075,-0.053,0.0,0.067,-0.067,-0.022,-0.008,-0.014,-0.015,0.037,-0.052,-0.022,0.007,-0.029,-0.007,-0.03,0.023,0.037,0.038,-0.001,0.022,0.06,-0.038,-0.015,0.022,-0.037
very_long,date_addition,0.087,-0.06,0.147,0.087,-0.073,0.16,0.113,-0.047,0.16,-0.02,0.04,-0.06,-0.013,-0.02,0.007,0.007,-0.06,0.067,-0.02,0.027,-0.047,0.013,-0.007,0.02,0.033,-0.033,0.066,0.0,0.013,-0.013,-0.026,-0.013,-0.013,-0.026,-0.027,0.001
very_long,date_duration,0.247,0.165,0.082,0.233,0.132,0.101,0.207,0.173,0.034,0.0,0.066,-0.066,-0.007,0.018,-0.025,-0.007,-0.048,0.041,-0.013,0.033,-0.046,-0.047,0.027,-0.074,-0.033,-0.007,-0.026,0.013,0.033,-0.02,0.04,-0.009,0.049,0.026,-0.041,0.067
very_long,date_recurrence,0.777,0.067,0.71,0.668,0.075,0.593,0.712,0.053,0.659,0.109,-0.008,0.117,0.038,0.014,0.024,-0.071,0.021,-0.092,0.0,0.0,0.0,-0.027,0.0,-0.027,-0.027,0.0,-0.027,0.109,-0.008,0.117,0.065,0.014,0.051,-0.044,0.021,-0.065
very_long,date_subtraction,0.02,-0.35,0.37,0.053,-0.293,0.346,0.027,-0.296,0.323,0.04,-0.03,0.07,0.033,-0.06,0.093,-0.007,-0.03,0.023,0.073,0.027,0.046,0.04,-0.007,0.047,-0.033,-0.033,0.0,-0.033,-0.057,0.024,-0.007,-0.053,0.046,0.026,0.003,0.023
very_long,day_of_week,0.463,0.045,0.418,0.537,0.011,0.526,0.423,0.081,0.342,-0.021,0.027,-0.048,0.026,-0.016,0.042,0.047,-0.043,0.09,0.053,-0.007,0.06,-0.013,0.02,-0.033,-0.067,0.027,-0.094,-0.074,0.034,-0.108,0.039,-0.036,0.075,0.114,-0.07,0.184
very_long,interval_date,0.078,-0.159,0.237,0.138,-0.213,0.351,0.182,-0.144,0.326,-0.06,0.035,-0.095,-0.077,0.032,-0.109,-0.018,-0.002,-0.016,0.0,-0.02,0.02,0.027,0.047,-0.02,0.027,0.067,-0.04,-0.06,0.055,-0.115,-0.104,-0.015,-0.089,-0.045,-0.069,0.024
very_long,time_addition,0.301,0.153,0.148,0.382,0.154,0.228,0.497,0.094,0.403,-0.007,-0.022,0.015,-0.007,0.005,-0.012,-0.0,0.027,-0.027,0.074,-0.02,0.094,0.188,-0.054,0.242,0.114,-0.034,0.148,-0.081,-0.002,-0.079,-0.195,0.059,-0.254,-0.114,0.061,-0.175
very_long,time_duration,0.403,0.537,-0.134,0.503,0.315,0.188,0.322,0.461,-0.139,0.0,0.114,-0.114,0.007,0.062,-0.055,0.007,-0.052,0.059,0.101,-0.107,0.208,-0.074,-0.013,-0.061,-0.174,0.094,-0.268,-0.101,0.221,-0.322,0.081,0.075,0.006,0.181,-0.146,0.327
very_long,time_subtraction,0.468,0.203,0.265,0.468,0.234,0.234,0.55,0.238,0.312,0.0,0.005,-0.005,-0.009,0.083,-0.092,-0.009,0.078,-0.087,0.0,0.036,-0.036,0.072,0.117,-0.045,0.072,0.081,-0.009,0.0,-0.031,0.031,-0.081,-0.034,-0.047,-0.081,-0.003,-0.078
