difficulty,task,language,direct_none,direct_similar,direct_dissimilar,cot_none,cot_similar,cot_dissimilar,cot_delta_none,cot_delta_similar,cot_delta_dissimilar,cot_none_minus_similar,cot_none_minus_dissimilar,cot_similar_minus_dissimilar,direct_none_minus_similar,direct_none_minus_dissimilar,direct_similar_minus_dissimilar,cot_drop_minus_direct_drop_none_similar,cot_drop_minus_direct_drop_none_dissimilar,cot_drop_minus_direct_drop_similar_dissimilar,min_scored
short,date_addition,en_US,0.98,0.987,0.973,1.0,1.0,1.0,0.02,0.013,0.027,0.0,0.0,0.0,-0.007,0.007,0.013,0.007,-0.007,-0.013,150
short,date_addition,hi_IN,0.98,0.927,0.98,0.987,0.973,0.98,0.007,0.047,0.0,0.013,0.007,-0.007,0.053,0.0,-0.053,-0.04,0.007,0.046,150
short,date_duration,en_US,0.973,0.96,0.947,0.98,0.987,0.993,0.007,0.027,0.047,-0.007,-0.013,-0.007,0.013,0.027,0.013,-0.02,-0.04,-0.02,150
short,date_duration,hi_IN,0.827,0.953,0.973,0.893,0.833,0.9,0.067,-0.12,-0.073,0.06,-0.007,-0.067,-0.127,-0.147,-0.02,0.187,0.14,-0.047,150
short,date_recurrence,en_US,0.513,0.438,0.44,0.993,0.925,0.96,0.48,0.487,0.52,0.068,0.033,-0.035,0.075,0.073,-0.002,-0.007,-0.04,-0.033,134
short,date_recurrence,hi_IN,0.067,0.133,0.093,0.38,0.264,0.207,0.313,0.13,0.113,0.116,0.173,0.057,-0.067,-0.027,0.04,0.183,0.2,0.017,148
short,date_subtraction,en_US,0.98,0.98,0.987,0.987,0.987,0.993,0.007,0.007,0.007,0.0,-0.007,-0.007,0.0,-0.007,-0.007,0.0,0.0,0.0,150
short,date_subtraction,hi_IN,0.987,0.98,0.993,0.98,0.953,0.987,-0.007,-0.027,-0.007,0.027,-0.007,-0.033,0.007,-0.007,-0.013,0.02,0.0,-0.02,150
short,day_of_week,en_US,0.13,0.144,0.151,0.775,0.739,0.757,0.645,0.595,0.607,0.036,0.018,-0.018,-0.014,-0.021,-0.007,0.05,0.039,-0.011,129
short,day_of_week,hi_IN,0.158,0.151,0.11,0.243,0.184,0.241,0.085,0.034,0.132,0.058,0.001,-0.057,0.007,0.048,0.041,0.051,-0.047,-0.098,140
medium,date_addition,en_US,0.98,0.967,0.967,0.993,1.0,1.0,0.013,0.033,0.033,-0.007,-0.007,0.0,0.013,0.013,0.0,-0.02,-0.02,0.0,150
medium,date_addition,hi_IN,0.953,0.96,0.94,0.947,0.933,0.92,-0.007,-0.027,-0.02,0.013,0.027,0.013,-0.007,0.013,0.02,0.02,0.014,-0.007,150
medium,date_duration,en_US,0.927,0.933,0.927,0.987,0.98,1.0,0.06,0.047,0.073,0.007,-0.013,-0.02,-0.007,0.0,0.007,0.014,-0.013,-0.027,150
medium,date_duration,hi_IN,0.867,0.913,0.92,0.953,0.853,0.827,0.087,-0.06,-0.093,0.1,0.127,0.027,-0.047,-0.053,-0.007,0.147,0.18,0.034,150
medium,date_recurrence,en_US,0.113,0.213,0.133,0.987,0.944,0.967,0.873,0.73,0.833,0.043,0.02,-0.023,-0.1,-0.02,0.08,0.143,0.04,-0.103,142
medium,date_recurrence,hi_IN,0.06,0.027,0.053,0.433,0.4,0.46,0.373,0.373,0.407,0.033,-0.027,-0.06,0.033,0.007,-0.027,0.0,-0.034,-0.033,150
medium,date_subtraction,en_US,0.967,0.94,0.947,1.0,0.987,0.953,0.033,0.047,0.007,0.013,0.047,0.033,0.027,0.02,-0.007,-0.014,0.027,0.04,150
medium,date_subtraction,hi_IN,0.973,0.953,0.953,0.88,0.859,0.86,-0.093,-0.094,-0.093,0.021,0.02,-0.001,0.02,0.02,0.0,0.001,0.0,-0.001,149
medium,day_of_week,en_US,0.121,0.134,0.087,0.69,0.725,0.709,0.57,0.591,0.621,-0.035,-0.018,0.017,-0.013,0.034,0.047,-0.022,-0.052,-0.03,126
medium,day_of_week,hi_IN,0.168,0.154,0.181,0.289,0.122,0.262,0.121,-0.033,0.081,0.167,0.027,-0.14,0.013,-0.013,-0.027,0.154,0.04,-0.113,142
long,date_addition,en_US,0.933,0.947,0.947,0.987,1.0,0.987,0.053,0.053,0.04,-0.013,0.0,0.013,-0.013,-0.013,0.0,0.0,0.013,0.013,150
long,date_addition,hi_IN,0.873,0.9,0.887,0.9,0.887,0.907,0.027,-0.013,0.02,0.013,-0.007,-0.02,-0.027,-0.013,0.013,0.04,0.006,-0.033,150
long,date_duration,en_US,0.889,0.904,0.911,1.0,0.978,1.0,0.111,0.074,0.089,0.022,0.0,-0.022,-0.015,-0.022,-0.007,0.037,0.022,-0.015,135
long,date_duration,hi_IN,0.904,0.867,0.896,0.941,0.866,0.874,0.037,-0.001,-0.022,0.075,0.067,-0.008,0.037,0.007,-0.03,0.038,0.06,0.022,134
very_long,date_addition,en_US,0.853,0.873,0.84,0.94,0.96,0.953,0.087,0.087,0.113,-0.02,-0.013,0.007,-0.02,0.013,0.033,0.0,-0.026,-0.026,150
very_long,date_addition,hi_IN,0.787,0.76,0.793,0.727,0.687,0.747,-0.06,-0.073,-0.047,0.04,-0.02,-0.06,0.027,-0.007,-0.033,0.013,-0.013,-0.027,150
very_long,date_duration,en_US,0.747,0.76,0.793,0.993,0.993,1.0,0.247,0.233,0.207,0.0,-0.007,-0.007,-0.013,-0.047,-0.033,0.013,0.04,0.026,150
very_long,date_duration,hi_IN,0.72,0.687,0.693,0.885,0.819,0.867,0.165,0.132,0.173,0.066,0.018,-0.048,0.033,0.027,-0.007,0.033,-0.009,-0.041,148
very_long,date_recurrence,en_US,0.107,0.107,0.134,0.884,0.775,0.846,0.777,0.668,0.712,0.109,0.038,-0.071,0.0,-0.027,-0.027,0.109,0.065,-0.044,120
very_long,date_recurrence,hi_IN,0.0,0.0,0.0,0.067,0.075,0.053,0.067,0.075,0.053,-0.008,0.014,0.021,0.0,0.0,0.0,-0.008,0.014,0.021,147
very_long,date_subtraction,en_US,0.913,0.84,0.873,0.933,0.893,0.9,0.02,0.053,0.027,0.04,0.033,-0.007,0.073,0.04,-0.033,-0.033,-0.007,0.026,150
very_long,date_subtraction,hi_IN,0.827,0.8,0.833,0.477,0.507,0.537,-0.35,-0.293,-0.296,-0.03,-0.06,-0.03,0.027,-0.007,-0.033,-0.057,-0.053,0.003,149
very_long,day_of_week,en_US,0.18,0.127,0.193,0.643,0.664,0.617,0.463,0.537,0.423,-0.021,0.026,0.047,0.053,-0.013,-0.067,-0.074,0.039,0.114,112
very_long,day_of_week,hi_IN,0.167,0.173,0.147,0.211,0.184,0.228,0.045,0.011,0.081,0.027,-0.016,-0.043,-0.007,0.02,0.027,0.034,-0.036,-0.07,141
very_long,interval_date,en_US,0.307,0.307,0.28,0.385,0.444,0.462,0.078,0.138,0.182,-0.06,-0.077,-0.018,0.0,0.027,0.027,-0.06,-0.104,-0.045,143
very_long,interval_date,hi_IN,0.36,0.38,0.313,0.201,0.167,0.169,-0.159,-0.213,-0.144,0.035,0.032,-0.002,-0.02,0.047,0.067,0.055,-0.015,-0.069,148
very_long,time_addition,en_US,0.664,0.591,0.477,0.966,0.973,0.973,0.301,0.382,0.497,-0.007,-0.007,-0.0,0.074,0.188,0.114,-0.081,-0.195,-0.114,146
very_long,time_addition,hi_IN,0.577,0.597,0.631,0.73,0.752,0.725,0.153,0.154,0.094,-0.022,0.005,0.027,-0.02,-0.054,-0.034,-0.002,0.059,0.061,148
very_long,time_duration,en_US,0.597,0.497,0.671,1.0,1.0,0.993,0.403,0.503,0.322,0.0,0.007,0.007,0.101,-0.074,-0.174,-0.101,0.081,0.181,149
very_long,time_duration,hi_IN,0.248,0.356,0.262,0.785,0.671,0.723,0.537,0.315,0.461,0.114,0.062,-0.052,-0.107,-0.013,0.094,0.221,0.075,-0.146,148
very_long,time_subtraction,en_US,0.514,0.514,0.441,0.982,0.982,0.991,0.468,0.468,0.55,0.0,-0.009,-0.009,0.0,0.072,0.072,0.0,-0.081,-0.081,111
very_long,time_subtraction,hi_IN,0.568,0.532,0.45,0.771,0.766,0.688,0.203,0.234,0.238,0.005,0.083,0.078,0.036,0.117,0.081,-0.031,-0.034,-0.003,109
