task,language,condition,distractor_type,wrong_inserted,wrong_no_insertion_placebo,reuse_inserted,reuse_no_insertion_placebo,reuse_rate_inserted,reuse_rate_no_insertion_placebo,rate_inserted_minus_placebo
date_addition,en_US,cot,similar_insertion,5,7,0,0,0.0,0.0,0.0
date_addition,en_US,direct,similar_insertion,15,12,3,4,0.2,0.333,-0.133
date_addition,hi_IN,cot,similar_insertion,50,46,2,2,0.04,0.043,-0.003
date_addition,hi_IN,direct,similar_insertion,37,36,6,5,0.162,0.139,0.023
date_recurrence,en_US,cot,similar_insertion,39,16,0,0,0.0,0.0,0.0
date_recurrence,en_US,direct,similar_insertion,268,281,16,16,0.06,0.057,0.003
date_recurrence,hi_IN,cot,similar_insertion,290,262,18,10,0.062,0.038,0.024
date_recurrence,hi_IN,direct,similar_insertion,365,355,65,11,0.178,0.031,0.147
date_subtraction,en_US,cot,dissimilar_insertion,5,2,0,0,0.0,0.0,0.0
date_subtraction,en_US,cot,similar_insertion,8,8,0,1,0.0,0.125,-0.125
date_subtraction,en_US,direct,dissimilar_insertion,2,1,0,0,0.0,0.0,0.0
date_subtraction,en_US,direct,similar_insertion,20,9,3,0,0.15,0.0,0.15
date_subtraction,hi_IN,cot,dissimilar_insertion,16,19,0,2,0.0,0.105,-0.105
date_subtraction,hi_IN,cot,similar_insertion,61,64,5,1,0.082,0.016,0.066
date_subtraction,hi_IN,direct,dissimilar_insertion,5,2,0,0,0.0,0.0,0.0
date_subtraction,hi_IN,direct,similar_insertion,26,16,5,0,0.192,0.0,0.192
day_of_week,en_US,cot,similar_insertion,43,45,0,0,0.0,0.0,0.0
day_of_week,en_US,direct,similar_insertion,165,163,0,0,0.0,0.0,0.0
day_of_week,hi_IN,cot,similar_insertion,157,139,0,0,0.0,0.0,0.0
day_of_week,hi_IN,direct,similar_insertion,160,158,0,0,0.0,0.0,0.0
interval_date,en_US,cot,similar_insertion,32,37,0,0,0.0,0.0,0.0
interval_date,en_US,direct,similar_insertion,43,48,3,0,0.07,0.0,0.07
interval_date,hi_IN,cot,similar_insertion,50,48,4,1,0.08,0.021,0.059
interval_date,hi_IN,direct,similar_insertion,41,42,0,0,0.0,0.0,0.0
