difficulty,task,language,condition,wrong,off_by_one,off_by_one_hour,wrong_direction,month_slip,year_slip,week_shift,format_only,invalid_answer,other
short,date_addition,en_US,direct,9,6,0,0,0,0,0,0,0,3
short,date_addition,hi_IN,cot,9,6,0,0,0,0,0,0,1,2
short,date_addition,hi_IN,direct,17,6,0,0,0,0,0,0,1,10
short,date_duration,en_US,cot,6,6,0,0,0,0,0,0,0,0
short,date_duration,en_US,direct,18,18,0,0,0,0,0,0,0,0
short,date_duration,hi_IN,cot,56,53,0,0,0,0,0,0,0,3
short,date_duration,hi_IN,direct,37,33,0,0,0,0,0,0,0,4
short,date_recurrence,en_US,cot,17,8,0,5,0,0,0,0,0,4
short,date_recurrence,en_US,direct,239,52,0,14,0,0,0,0,1,172
short,date_recurrence,hi_IN,cot,321,39,0,151,0,0,0,0,0,131
short,date_recurrence,hi_IN,direct,406,36,0,144,2,0,0,0,1,223
short,date_subtraction,en_US,cot,5,2,0,0,0,2,0,0,0,1
short,date_subtraction,en_US,direct,8,4,0,0,0,0,0,0,4,0
short,date_subtraction,hi_IN,cot,12,6,0,0,0,0,0,0,0,6
short,date_subtraction,hi_IN,direct,6,2,0,0,1,0,0,0,1,2
short,day_of_week,en_US,cot,98,79,0,0,0,0,0,0,0,19
short,day_of_week,en_US,direct,376,144,0,0,0,0,0,0,0,232
short,day_of_week,hi_IN,cot,331,176,0,0,0,0,0,0,0,155
short,day_of_week,hi_IN,direct,377,136,0,0,0,0,0,0,0,241
medium,date_addition,en_US,cot,1,1,0,0,0,0,0,0,0,0
medium,date_addition,en_US,direct,13,8,0,0,0,0,0,0,1,4
medium,date_addition,hi_IN,cot,30,17,0,0,5,0,0,0,1,7
medium,date_addition,hi_IN,direct,22,19,0,0,0,0,0,0,2,1
medium,date_duration,en_US,cot,5,5,0,0,0,0,0,0,0,0
medium,date_duration,en_US,direct,32,26,0,0,0,0,0,0,0,6
medium,date_duration,hi_IN,cot,55,49,0,0,0,0,0,0,0,6
medium,date_duration,hi_IN,direct,45,39,0,0,0,0,0,0,0,6
medium,date_recurrence,en_US,cot,15,7,0,1,1,0,0,0,0,6
medium,date_recurrence,en_US,direct,381,10,0,0,0,0,0,0,1,370
medium,date_recurrence,hi_IN,cot,256,8,0,7,2,0,0,0,0,239
medium,date_recurrence,hi_IN,direct,429,12,0,1,1,0,0,0,1,414
medium,date_subtraction,en_US,cot,9,9,0,0,0,0,0,0,0,0
medium,date_subtraction,en_US,direct,22,15,0,0,0,0,0,0,3,4
medium,date_subtraction,hi_IN,cot,60,19,0,0,2,2,0,0,2,35
medium,date_subtraction,hi_IN,direct,18,12,0,0,0,0,0,0,1,5
medium,day_of_week,en_US,cot,112,93,0,0,0,0,0,0,0,19
medium,day_of_week,en_US,direct,396,123,0,0,0,0,0,0,0,273
medium,day_of_week,hi_IN,cot,338,145,0,0,0,0,0,0,1,192
medium,day_of_week,hi_IN,direct,372,129,0,0,0,0,0,0,0,243
long,date_addition,en_US,cot,4,3,0,0,0,0,0,0,0,1
long,date_addition,en_US,direct,26,13,0,0,0,0,0,0,6,7
long,date_addition,hi_IN,cot,46,18,0,0,6,2,0,0,0,20
long,date_addition,hi_IN,direct,51,32,0,0,3,0,0,0,5,11
long,date_duration,en_US,cot,3,3,0,0,0,0,0,0,0,0
long,date_duration,en_US,direct,40,34,0,0,0,0,0,0,0,6
long,date_duration,hi_IN,cot,43,34,0,0,0,0,0,0,0,9
long,date_duration,hi_IN,direct,45,38,0,0,0,0,0,0,0,7
very_long,date_addition,en_US,cot,22,20,0,0,0,0,0,0,0,2
very_long,date_addition,en_US,direct,65,25,0,0,0,1,0,0,16,23
very_long,date_addition,hi_IN,cot,126,31,0,2,26,0,0,0,1,66
very_long,date_addition,hi_IN,direct,99,43,0,0,6,0,0,0,5,45
very_long,date_duration,en_US,cot,2,2,0,0,0,0,0,0,0,0
very_long,date_duration,en_US,direct,105,70,0,0,0,0,0,0,0,35
very_long,date_duration,hi_IN,cot,64,54,0,0,0,0,0,0,0,10
very_long,date_duration,hi_IN,direct,135,79,0,0,0,0,0,0,0,56
very_long,date_recurrence,en_US,cot,66,23,0,0,6,1,0,0,0,36
very_long,date_recurrence,en_US,direct,387,10,0,0,7,1,0,0,1,368
very_long,date_recurrence,hi_IN,cot,417,10,0,0,13,2,0,0,0,392
very_long,date_recurrence,hi_IN,direct,450,0,0,0,2,1,0,0,1,446
very_long,date_subtraction,en_US,cot,41,36,0,0,0,1,0,0,0,4
very_long,date_subtraction,en_US,direct,56,19,0,0,1,6,0,0,2,28
very_long,date_subtraction,hi_IN,cot,221,42,0,0,11,4,0,0,0,164
very_long,date_subtraction,hi_IN,direct,81,21,0,0,4,13,0,0,0,43
very_long,day_of_week,en_US,cot,127,97,0,0,0,0,0,0,0,30
very_long,day_of_week,en_US,direct,375,135,0,0,0,0,0,0,0,240
very_long,day_of_week,hi_IN,cot,339,137,0,0,0,0,0,0,0,202
very_long,day_of_week,hi_IN,direct,377,127,0,0,0,0,0,0,0,250
very_long,interval_date,en_US,cot,246,137,0,0,0,0,12,0,1,96
very_long,interval_date,en_US,direct,316,78,0,0,0,0,36,0,0,202
very_long,interval_date,hi_IN,cot,367,78,0,0,0,0,21,0,1,267
very_long,interval_date,hi_IN,direct,292,77,0,0,0,0,19,0,0,196
very_long,time_addition,en_US,cot,13,0,2,0,0,0,0,0,0,11
very_long,time_addition,en_US,direct,189,0,38,0,0,0,0,0,0,151
very_long,time_addition,hi_IN,cot,118,2,9,0,0,0,0,0,0,107
very_long,time_addition,hi_IN,direct,178,0,33,0,0,0,0,2,0,143
very_long,time_duration,en_US,cot,1,0,1,0,0,0,0,0,0,0
very_long,time_duration,en_US,direct,184,0,38,0,0,0,0,0,0,146
very_long,time_duration,hi_IN,cot,122,3,33,0,0,0,0,0,0,86
very_long,time_duration,hi_IN,direct,318,1,35,0,0,0,0,0,0,282
very_long,time_subtraction,en_US,cot,5,0,3,0,0,0,0,0,0,2
very_long,time_subtraction,en_US,direct,170,0,18,1,0,0,0,0,0,151
very_long,time_subtraction,hi_IN,cot,85,0,19,4,0,0,0,0,0,62
very_long,time_subtraction,hi_IN,direct,161,2,15,2,0,0,0,2,0,140
