difficulty,task,language,cot_answered,last_value_found_rate,last_value_matches_answer_rate,verification_rate,no_verification_responses,last_value_matches_answer_rate_no_verification,answer_in_reasoning_rate,wrong_answers,wrong_but_reasoning_ends_at_gold,correct_answers,correct_but_reasoning_ends_elsewhere
short,date_addition,en_US,450.0,1.0,0.998,0.144,385.0,0.997,1.0,0.0,0.0,450.0,1.0
short,date_addition,hi_IN,450.0,1.0,0.996,0.002,448.0,0.996,1.0,8.0,0.0,441.0,2.0
short,date_duration,en_US,450.0,1.0,0.996,0.853,66.0,1.0,1.0,6.0,0.0,444.0,2.0
short,date_duration,hi_IN,450.0,0.989,0.973,0.004,443.0,0.973,0.984,56.0,0.0,394.0,11.0
short,date_recurrence,en_US,434.0,1.0,0.984,0.793,90.0,1.0,1.0,17.0,0.0,417.0,7.0
short,date_recurrence,hi_IN,448.0,0.998,1.0,0.011,442.0,1.0,0.998,321.0,0.0,127.0,0.0
short,date_subtraction,en_US,450.0,1.0,0.987,0.222,350.0,1.0,1.0,5.0,1.0,445.0,6.0
short,date_subtraction,hi_IN,450.0,1.0,0.996,0.002,449.0,0.996,0.996,12.0,1.0,438.0,0.0
short,day_of_week,en_US,403.0,1.0,0.99,0.975,10.0,1.0,1.0,98.0,0.0,305.0,4.0
short,day_of_week,hi_IN,426.0,1.0,1.0,0.061,400.0,1.0,1.0,331.0,0.0,95.0,0.0
medium,date_addition,en_US,450.0,1.0,0.993,0.28,324.0,0.997,1.0,1.0,0.0,449.0,3.0
medium,date_addition,hi_IN,450.0,0.996,1.0,0.002,446.0,1.0,0.996,29.0,0.0,420.0,0.0
medium,date_duration,en_US,450.0,1.0,0.987,0.967,15.0,1.0,1.0,5.0,0.0,445.0,6.0
medium,date_duration,hi_IN,450.0,1.0,0.989,0.009,446.0,0.991,1.0,55.0,0.0,395.0,4.0
medium,date_recurrence,en_US,442.0,1.0,0.989,0.982,8.0,1.0,1.0,15.0,0.0,427.0,5.0
medium,date_recurrence,hi_IN,450.0,0.996,0.989,0.009,444.0,0.989,0.987,256.0,0.0,194.0,1.0
medium,date_subtraction,en_US,450.0,1.0,0.98,0.356,290.0,0.993,1.0,9.0,0.0,441.0,9.0
medium,date_subtraction,hi_IN,449.0,1.0,0.989,0.002,446.0,0.989,0.991,58.0,1.0,389.0,1.0
medium,day_of_week,en_US,384.0,1.0,0.995,0.977,9.0,1.0,1.0,112.0,0.0,272.0,2.0
medium,day_of_week,hi_IN,435.0,1.0,0.995,0.071,403.0,0.995,1.0,337.0,0.0,97.0,2.0
long,date_addition,en_US,450.0,1.0,0.993,0.649,158.0,1.0,1.0,4.0,0.0,446.0,3.0
long,date_addition,hi_IN,450.0,0.998,0.998,0.004,447.0,0.998,0.998,46.0,0.0,404.0,1.0
long,date_duration,en_US,405.0,1.0,0.988,0.983,7.0,1.0,1.0,3.0,0.0,402.0,5.0
long,date_duration,hi_IN,404.0,1.0,0.998,0.005,402.0,0.998,1.0,43.0,0.0,361.0,1.0
very_long,date_addition,en_US,450.0,1.0,0.987,0.907,42.0,1.0,1.0,22.0,0.0,428.0,6.0
very_long,date_addition,hi_IN,450.0,0.993,1.0,0.007,443.0,1.0,0.993,125.0,0.0,324.0,0.0
very_long,date_duration,en_US,450.0,1.0,0.987,0.989,5.0,1.0,1.0,2.0,0.0,448.0,6.0
very_long,date_duration,hi_IN,447.0,1.0,0.998,0.004,445.0,0.998,1.0,64.0,0.0,383.0,0.0
very_long,date_recurrence,en_US,410.0,1.0,0.968,1.0,0.0,,1.0,66.0,0.0,344.0,9.0
very_long,date_recurrence,hi_IN,446.0,0.998,0.991,0.016,438.0,0.991,0.989,417.0,0.0,29.0,0.0
very_long,date_subtraction,en_US,450.0,1.0,0.842,0.964,16.0,1.0,1.0,41.0,0.0,409.0,64.0
very_long,date_subtraction,hi_IN,448.0,0.987,0.986,0.002,441.0,0.986,0.973,221.0,1.0,227.0,1.0
very_long,day_of_week,en_US,354.0,1.0,1.0,0.986,5.0,1.0,1.0,127.0,0.0,227.0,0.0
very_long,day_of_week,hi_IN,428.0,1.0,0.991,0.072,397.0,0.995,1.0,339.0,1.0,89.0,0.0
very_long,interval_date,en_US,432.0,1.0,0.916,0.947,23.0,0.957,0.984,245.0,0.0,186.0,15.0
very_long,interval_date,hi_IN,447.0,0.996,0.86,0.013,438.0,0.861,0.904,366.0,0.0,80.0,3.0
very_long,time_addition,en_US,443.0,1.0,0.962,0.896,46.0,0.935,1.0,13.0,0.0,430.0,17.0
very_long,time_addition,hi_IN,446.0,1.0,0.98,0.002,445.0,0.98,0.993,118.0,0.0,328.0,6.0
very_long,time_duration,en_US,447.0,1.0,0.821,0.984,7.0,1.0,1.0,1.0,0.0,446.0,80.0
very_long,time_duration,hi_IN,446.0,1.0,0.989,0.004,444.0,0.989,0.996,122.0,2.0,324.0,3.0
very_long,time_subtraction,en_US,333.0,1.0,0.508,0.94,20.0,1.0,1.0,5.0,0.0,328.0,163.0
very_long,time_subtraction,hi_IN,329.0,1.0,0.979,0.009,326.0,0.985,0.997,85.0,0.0,244.0,5.0
