condition,task,responses,scored,accuracy,cot_ratio_avg,cot_ratio_pooled
cot,date_addition,3600,3600,0.9338888888888889,0.9986094481711298,0.9984745484272203
cot,date_duration,3510,3506,0.9332572732458643,0.999704450727994,0.9997674796544698
cot,date_recurrence,2700,2630,0.5847908745247148,0.9903871809922941,0.9952135757575757
cot,date_subtraction,2700,2697,0.8709677419354839,0.9990348854090889,0.9988119605513648
cot,day_of_week,2670,2430,0.44650205761316875,0.9805569430518551,0.9859675882692532
cot,interval_date,900,879,0.3026166097838453,0.9990660275745366,0.9994702853089388
cot,time_addition,894,889,0.8526434195725534,0.9989406429826655,0.9991665723487226
cot,time_duration,894,893,0.8622620380739082,0.9986588631792186,0.9979275135217106
cot,time_subtraction,666,662,0.8640483383685801,0.9989609461216372,0.9990946491099602
direct,date_addition,3600,3600,0.9161111111111111,,
direct,date_duration,3510,3510,0.8698005698005699,,
direct,date_recurrence,2700,2684,0.14605067064083457,,
direct,date_subtraction,2700,2700,0.9292592592592592,,
direct,day_of_week,2670,2670,0.14868913857677904,,
direct,interval_date,900,900,0.3244444444444444,,
direct,time_addition,894,894,0.5894854586129754,,
direct,time_duration,894,894,0.43847874720357943,,
direct,time_subtraction,666,666,0.503003003003003,,
