condition,insertion,task,responses,scored,accuracy,cot_ratio_avg,cot_ratio_pooled
cot,dissimilar_insertion,date_addition,1200,1200,0.9366666666666666,0.9988184271054197,0.9985727821154008
cot,dissimilar_insertion,date_duration,1170,1170,0.9324786324786325,0.99964453722027,0.9996988074402703
cot,dissimilar_insertion,date_recurrence,900,893,0.58006718924972,0.9906093106301744,0.9944781212653525
cot,dissimilar_insertion,date_subtraction,900,899,0.8720800889877642,0.9994056116006268,0.9993073892905069
cot,dissimilar_insertion,day_of_week,890,818,0.4559902200488998,0.9869183255639746,0.992795586156582
cot,dissimilar_insertion,interval_date,300,293,0.31399317406143346,0.9989009472115487,0.9993623042074637
cot,dissimilar_insertion,time_addition,298,298,0.8489932885906041,0.9989482871349462,0.9988985328457506
cot,dissimilar_insertion,time_duration,298,297,0.8585858585858586,0.9985597231840204,0.9963718301252673
cot,dissimilar_insertion,time_subtraction,222,220,0.8409090909090909,0.9990985309801397,0.9990726731416858
cot,no_insertion,date_addition,1200,1200,0.935,0.9980219286107906,0.9978528764948534
cot,no_insertion,date_duration,1170,1168,0.9537671232876712,0.9997410102018549,0.9998377102390086
cot,no_insertion,date_recurrence,900,896,0.6238839285714286,0.991494814946216,0.9945981584290455
cot,no_insertion,date_subtraction,900,899,0.8765294771968855,0.9992245090452003,0.999278961704855
cot,no_insertion,day_of_week,890,791,0.46017699115044247,0.9701316273890631,0.977139772281115
cot,no_insertion,interval_date,300,292,0.2910958904109589,0.9988806714722109,0.9994241132028904
cot,no_insertion,time_addition,298,294,0.8469387755102041,0.9989743401470389,0.9990788946736083
cot,no_insertion,time_duration,298,298,0.8926174496644296,0.998610540235243,0.9986164682206943
cot,no_insertion,time_subtraction,222,220,0.8772727272727273,0.99913783833966,0.9993192030136613
cot,similar_insertion,date_addition,1200,1200,0.93,0.9989879887971794,0.9988893080179387
cot,similar_insertion,date_duration,1170,1168,0.913527397260274,0.9997278047618574,0.9997598191579542
cot,similar_insertion,date_recurrence,900,841,0.5481569560047562,0.9890574174004928,0.9959712230215827
cot,similar_insertion,date_subtraction,900,899,0.864293659621802,0.9984745355814403,0.9979968154502029
cot,similar_insertion,day_of_week,890,821,0.4238733252131547,0.9846208762025285,0.989206654997538
cot,similar_insertion,interval_date,300,294,0.30272108843537415,0.9994164640398505,0.9996371342313052
cot,similar_insertion,time_addition,298,297,0.8619528619528619,0.9988993016660113,0.9993336294980009
cot,similar_insertion,time_duration,298,298,0.8355704697986577,0.9988063261183924,0.9987627165246082
cot,similar_insertion,time_subtraction,222,222,0.8738738738738738,0.9986464690451121,0.9989566391505815
direct,dissimilar_insertion,date_addition,1200,1200,0.9158333333333334,,
direct,dissimilar_insertion,date_duration,1170,1170,0.882051282051282,,
direct,dissimilar_insertion,date_recurrence,900,899,0.14238042269187987,,
direct,dissimilar_insertion,date_subtraction,900,900,0.9311111111111111,,
direct,dissimilar_insertion,day_of_week,890,890,0.1449438202247191,,
direct,dissimilar_insertion,interval_date,300,300,0.2966666666666667,,
direct,dissimilar_insertion,time_addition,298,298,0.5536912751677853,,
direct,dissimilar_insertion,time_duration,298,298,0.4664429530201342,,
direct,dissimilar_insertion,time_subtraction,222,222,0.44594594594594594,,
direct,no_insertion,date_addition,1200,1200,0.9175,,
direct,no_insertion,date_duration,1170,1170,0.8555555555555555,,
direct,no_insertion,date_recurrence,900,899,0.14349276974416017,,
direct,no_insertion,date_subtraction,900,900,0.9411111111111111,,
direct,no_insertion,day_of_week,890,890,0.15393258426966291,,
direct,no_insertion,interval_date,300,300,0.3333333333333333,,
direct,no_insertion,time_addition,298,298,0.6208053691275168,,
direct,no_insertion,time_duration,298,298,0.4228187919463087,,
direct,no_insertion,time_subtraction,222,222,0.5405405405405406,,
direct,similar_insertion,date_addition,1200,1200,0.915,,
direct,similar_insertion,date_duration,1170,1170,0.8717948717948718,,
direct,similar_insertion,date_recurrence,900,886,0.1523702031602709,,
direct,similar_insertion,date_subtraction,900,900,0.9155555555555556,,
direct,similar_insertion,day_of_week,890,890,0.14719101123595504,,
direct,similar_insertion,interval_date,300,300,0.3433333333333333,,
direct,similar_insertion,time_addition,298,298,0.5939597315436241,,
direct,similar_insertion,time_duration,298,298,0.4261744966442953,,
direct,similar_insertion,time_subtraction,222,222,0.5225225225225225,,
