difficulty,language,condition,insertion,responses,scored,accuracy,cot_ratio_avg,cot_ratio_pooled
short,en_US,cot,dissimilar_insertion,746,736,0.9442934782608695,1.0,1.0
short,en_US,cot,no_insertion,746,729,0.9519890260631001,1.0,1.0
short,en_US,cot,similar_insertion,746,722,0.9307479224376731,1.0,1.0
short,en_US,direct,dissimilar_insertion,746,746,0.7024128686327078,,
short,en_US,direct,no_insertion,746,746,0.7184986595174263,,
short,en_US,direct,similar_insertion,746,742,0.706199460916442,,
short,hi_IN,cot,dissimilar_insertion,746,745,0.6657718120805369,0.9926293568516362,0.9905243716373565
short,hi_IN,cot,no_insertion,746,740,0.7027027027027027,0.9871844753796727,0.9610799276337153
short,hi_IN,cot,similar_insertion,746,739,0.6481732070365359,0.989934801388601,0.9824409595569638
short,hi_IN,direct,dissimilar_insertion,746,746,0.6327077747989276,,
short,hi_IN,direct,no_insertion,746,746,0.6058981233243967,,
short,hi_IN,direct,similar_insertion,746,746,0.631367292225201,,
medium,en_US,cot,dissimilar_insertion,749,727,0.9325997248968363,1.0,1.0
medium,en_US,cot,no_insertion,749,726,0.9393939393939394,1.0,1.0
medium,en_US,cot,similar_insertion,749,723,0.9322268326417704,1.0,1.0
medium,en_US,direct,dissimilar_insertion,749,749,0.6128170894526035,,
medium,en_US,direct,no_insertion,749,749,0.6221628838451269,,
medium,en_US,direct,similar_insertion,749,749,0.6381842456608812,,
medium,hi_IN,cot,dissimilar_insertion,749,745,0.6684563758389261,0.9861271894760933,0.9813363520260072
medium,hi_IN,cot,no_insertion,749,742,0.7048517520215634,0.9820801795206622,0.9648322069106762
medium,hi_IN,cot,similar_insertion,749,747,0.6345381526104418,0.98630505782265,0.9824334548455878
medium,hi_IN,direct,dissimilar_insertion,749,749,0.6101468624833111,,
medium,hi_IN,direct,no_insertion,749,749,0.6048064085447263,,
medium,hi_IN,direct,similar_insertion,749,749,0.6021361815754339,,
long,en_US,cot,dissimilar_insertion,285,285,0.9929824561403509,1.0,1.0
long,en_US,cot,no_insertion,285,285,0.9929824561403509,1.0,1.0
long,en_US,cot,similar_insertion,285,285,0.9894736842105263,1.0,1.0
long,en_US,direct,dissimilar_insertion,285,285,0.9298245614035088,,
long,en_US,direct,no_insertion,285,285,0.9122807017543859,,
long,en_US,direct,similar_insertion,285,285,0.9263157894736842,,
long,hi_IN,cot,dissimilar_insertion,285,285,0.8912280701754386,0.9986101860802583,0.9983619983619983
long,hi_IN,cot,no_insertion,285,285,0.9192982456140351,0.9973619118098149,0.9971898417985012
long,hi_IN,cot,similar_insertion,285,284,0.8767605633802817,0.9984872555466467,0.9987247947716585
long,hi_IN,direct,dissimilar_insertion,285,285,0.8912280701754386,,
long,hi_IN,direct,no_insertion,285,285,0.887719298245614,,
long,hi_IN,direct,similar_insertion,285,285,0.8842105263157894,,
very_long,en_US,cot,dissimilar_insertion,1309,1267,0.8626677190213102,1.0,1.0
very_long,en_US,cot,no_insertion,1309,1258,0.863275039745628,1.0,1.0
very_long,en_US,cot,similar_insertion,1309,1244,0.8577170418006431,1.0,1.0
very_long,en_US,direct,dissimilar_insertion,1309,1308,0.5252293577981652,,
very_long,en_US,direct,no_insertion,1309,1308,0.5435779816513762,,
very_long,en_US,direct,similar_insertion,1309,1299,0.5157813702848345,,
very_long,hi_IN,cot,dissimilar_insertion,1309,1298,0.522342064714946,0.9943085086235268,0.9921950154530507
very_long,hi_IN,cot,no_insertion,1309,1293,0.5336426914153132,0.9884454653816952,0.979569214430321
very_long,hi_IN,cot,similar_insertion,1309,1296,0.5092592592592593,0.9928162491030136,0.9885705107613235
very_long,hi_IN,direct,dissimilar_insertion,1309,1309,0.45836516424751717,,
very_long,hi_IN,direct,no_insertion,1309,1309,0.4698242933537051,,
very_long,hi_IN,direct,similar_insertion,1309,1309,0.4744079449961803,,
