difficulty,condition,task,responses,scored,accuracy,cot_ratio_avg,cot_ratio_pooled
short,cot,date_addition,900,900,0.99,0.9987791812538754,0.9984337452797803
short,cot,date_duration,900,900,0.9311111111111111,0.9997977223752265,0.9997334561050668
short,cot,date_recurrence,900,882,0.6167800453514739,0.9900969857624817,0.9944391507608016
short,cot,date_subtraction,900,900,0.9811111111111112,0.9992772790547593,0.9986198941232208
short,cot,day_of_week,876,829,0.4825090470446321,0.9866169281720836,0.9863531420367461
short,direct,date_addition,900,900,0.9711111111111111,,
short,direct,date_duration,900,900,0.9388888888888889,,
short,direct,date_recurrence,900,896,0.28013392857142855,,
short,direct,date_subtraction,900,900,0.9844444444444445,,
short,direct,day_of_week,876,876,0.1404109589041096,,
medium,cot,date_addition,900,900,0.9655555555555555,0.9985272170511988,0.9981251251433461
medium,cot,date_duration,900,900,0.9333333333333333,0.9996959144585257,0.9997160804911808
medium,cot,date_recurrence,900,892,0.6961883408071748,0.9854502988939581,0.9909316019180283
medium,cot,date_subtraction,900,899,0.9232480533926585,0.998900362355952,0.998381560460277
medium,cot,day_of_week,894,819,0.45054945054945056,0.9794333268501836,0.9871819157668751
medium,direct,date_addition,900,900,0.9611111111111111,,
medium,direct,date_duration,900,900,0.9144444444444444,,
medium,direct,date_recurrence,900,900,0.1,,
medium,direct,date_subtraction,900,900,0.9555555555555556,,
medium,direct,day_of_week,894,894,0.14093959731543623,,
long,cot,date_addition,900,900,0.9444444444444444,0.9985286973011319,0.9985396861756958
long,cot,date_duration,810,809,0.9431396786155748,0.9996852940227736,0.9998151647087817
long,direct,date_addition,900,900,0.9144444444444444,,
long,direct,date_duration,810,810,0.8950617283950617,,
very_long,cot,date_addition,900,900,0.8355555555555556,0.9986026970783138,0.9986709228779267
very_long,cot,date_duration,900,897,0.9264214046822743,0.9996369563849281,0.9997859968120905
very_long,cot,date_recurrence,900,856,0.4357476635514019,0.9956142583204445,0.9975973348071727
very_long,cot,date_subtraction,900,898,0.7082405345211581,0.9989270148165557,0.9991318036540572
very_long,cot,day_of_week,900,782,0.4040920716112532,0.9757746829618277,0.9845032833976428
very_long,cot,interval_date,900,879,0.3026166097838453,0.9990660275745364,0.9994702853089388
very_long,cot,time_addition,894,889,0.8526434195725534,0.9989406429826658,0.9991665723487226
very_long,cot,time_duration,894,893,0.8622620380739082,0.9986588631792188,0.9979275135217106
very_long,cot,time_subtraction,666,662,0.8640483383685801,0.998960946121637,0.9990946491099602
very_long,direct,date_addition,900,900,0.8177777777777778,,
very_long,direct,date_duration,900,900,0.7333333333333333,,
very_long,direct,date_recurrence,900,888,0.057432432432432436,,
very_long,direct,date_subtraction,900,900,0.8477777777777777,,
very_long,direct,day_of_week,900,900,0.16444444444444445,,
very_long,direct,interval_date,900,900,0.3244444444444444,,
very_long,direct,time_addition,894,894,0.5894854586129754,,
very_long,direct,time_duration,894,894,0.43847874720357943,,
very_long,direct,time_subtraction,666,666,0.503003003003003,,
