difficulty,condition,insertion,task,responses,scored,accuracy,cot_ratio_avg,cot_ratio_pooled
short,cot,dissimilar_insertion,date_addition,300,300,0.99,0.998910627884793,0.998366440146367
short,cot,dissimilar_insertion,date_duration,300,300,0.9466666666666667,0.9998575007191607,0.9997976118194697
short,cot,dissimilar_insertion,date_recurrence,300,300,0.5833333333333334,0.9902569869846825,0.9919911084959628
short,cot,dissimilar_insertion,date_subtraction,300,300,0.99,0.9995184544480943,0.9993311443512101
short,cot,dissimilar_insertion,day_of_week,292,281,0.49110320284697506,0.9929398260284297,0.9958756173007001
short,cot,no_insertion,date_addition,300,300,0.9933333333333333,0.9981730864190689,0.9976880394574599
short,cot,no_insertion,date_duration,300,300,0.9366666666666666,0.999948717948718,0.9999294806248017
short,cot,no_insertion,date_recurrence,300,300,0.6866666666666666,0.991028072048973,0.9927174887892377
short,cot,no_insertion,date_subtraction,300,300,0.9833333333333333,0.9996205069440365,0.9993835721991062
short,cot,no_insertion,day_of_week,292,269,0.49814126394052044,0.9787962452910842,0.9765390448481848
short,cot,similar_insertion,date_addition,300,300,0.9866666666666667,0.9992538294577641,0.9990178961152335
short,cot,similar_insertion,date_duration,300,300,0.91,0.9995869484578008,0.9994910423452769
short,cot,similar_insertion,date_recurrence,300,282,0.5780141843971631,0.9890058982537865,0.9960588405873514
short,cot,similar_insertion,date_subtraction,300,300,0.97,0.9986928757721476,0.9974899335878262
short,cot,similar_insertion,day_of_week,292,279,0.45878136200716846,0.9881147131967359,0.9892168121267799
short,direct,dissimilar_insertion,date_addition,300,300,0.9766666666666667,,
short,direct,dissimilar_insertion,date_duration,300,300,0.96,,
short,direct,dissimilar_insertion,date_recurrence,300,300,0.26666666666666666,,
short,direct,dissimilar_insertion,date_subtraction,300,300,0.99,,
short,direct,dissimilar_insertion,day_of_week,292,292,0.13013698630136986,,
short,direct,no_insertion,date_addition,300,300,0.98,,
short,direct,no_insertion,date_duration,300,300,0.9,,
short,direct,no_insertion,date_recurrence,300,300,0.29,,
short,direct,no_insertion,date_subtraction,300,300,0.9833333333333333,,
short,direct,no_insertion,day_of_week,292,292,0.14383561643835616,,
short,direct,similar_insertion,date_addition,300,300,0.9566666666666667,,
short,direct,similar_insertion,date_duration,300,300,0.9566666666666667,,
short,direct,similar_insertion,date_recurrence,300,296,0.28378378378378377,,
short,direct,similar_insertion,date_subtraction,300,300,0.98,,
short,direct,similar_insertion,day_of_week,292,292,0.14726027397260275,,
medium,cot,dissimilar_insertion,date_addition,300,300,0.96,0.998759464615548,0.9982695098805403
medium,cot,dissimilar_insertion,date_duration,300,300,0.9133333333333333,0.9995287138423574,0.9994995573006891
medium,cot,dissimilar_insertion,date_recurrence,300,300,0.7133333333333334,0.9851662805507969,0.9889191473377782
medium,cot,dissimilar_insertion,date_subtraction,300,300,0.9066666666666666,0.9994274895530744,0.999096657633243
medium,cot,dissimilar_insertion,day_of_week,298,272,0.47058823529411764,0.9823646991579214,0.9905166312809625
medium,cot,no_insertion,date_addition,300,300,0.97,0.9979565952595635,0.9974312386441953
medium,cot,no_insertion,date_duration,300,300,0.97,0.9997111697180495,0.9998270793705689
medium,cot,no_insertion,date_recurrence,300,300,0.71,0.9878063251054319,0.9906012697622308
medium,cot,no_insertion,date_subtraction,300,300,0.94,0.9984661982723793,0.9981832862333468
medium,cot,no_insertion,day_of_week,298,268,0.47761194029850745,0.9711274092427784,0.9800444549352846
medium,cot,similar_insertion,date_addition,300,300,0.9666666666666667,0.9988655912784841,0.9985281549710379
medium,cot,similar_insertion,date_duration,300,300,0.9166666666666666,0.9998478598151693,0.9997975640203786
medium,cot,similar_insertion,date_recurrence,300,292,0.6643835616438356,0.9833782910256448,0.9922533968590083
medium,cot,similar_insertion,date_subtraction,300,299,0.9230769230769231,0.9988073992424021,0.997915373015169
medium,cot,similar_insertion,day_of_week,298,279,0.4050179211469534,0.9848078721498487,0.9917636135234038
medium,direct,dissimilar_insertion,date_addition,300,300,0.9533333333333334,,
medium,direct,dissimilar_insertion,date_duration,300,300,0.9233333333333333,,
medium,direct,dissimilar_insertion,date_recurrence,300,300,0.09333333333333334,,
medium,direct,dissimilar_insertion,date_subtraction,300,300,0.95,,
medium,direct,dissimilar_insertion,day_of_week,298,298,0.1342281879194631,,
medium,direct,no_insertion,date_addition,300,300,0.9666666666666667,,
medium,direct,no_insertion,date_duration,300,300,0.8966666666666666,,
medium,direct,no_insertion,date_recurrence,300,300,0.08666666666666667,,
medium,direct,no_insertion,date_subtraction,300,300,0.97,,
medium,direct,no_insertion,day_of_week,298,298,0.14429530201342283,,
medium,direct,similar_insertion,date_addition,300,300,0.9633333333333334,,
medium,direct,similar_insertion,date_duration,300,300,0.9233333333333333,,
medium,direct,similar_insertion,date_recurrence,300,300,0.12,,
medium,direct,similar_insertion,date_subtraction,300,300,0.9466666666666667,,
medium,direct,similar_insertion,day_of_week,298,298,0.14429530201342283,,
long,cot,dissimilar_insertion,date_addition,300,300,0.9466666666666667,0.9988698072476256,0.9986813766427849
long,cot,dissimilar_insertion,date_duration,270,270,0.937037037037037,0.9997887439206882,0.9998726560758969
long,cot,no_insertion,date_addition,300,300,0.9433333333333334,0.99801088360109,0.9979514874994181
long,cot,no_insertion,date_duration,270,270,0.9703703703703703,0.9994254806869266,0.9996800409547578
long,cot,similar_insertion,date_addition,300,300,0.9433333333333334,0.9987054010546796,0.9989070185026153
long,cot,similar_insertion,date_duration,270,269,0.9219330855018587,0.9998416574607051,0.9998847893084478
long,direct,dissimilar_insertion,date_addition,300,300,0.9166666666666666,,
long,direct,dissimilar_insertion,date_duration,270,270,0.9037037037037037,,
long,direct,no_insertion,date_addition,300,300,0.9033333333333333,,
long,direct,no_insertion,date_duration,270,270,0.8962962962962963,,
long,direct,similar_insertion,date_addition,300,300,0.9233333333333333,,
long,direct,similar_insertion,date_duration,270,270,0.8851851851851852,,
very_long,cot,dissimilar_insertion,date_addition,300,300,0.85,0.9987338086737121,0.998796059832178
very_long,cot,dissimilar_insertion,date_duration,300,300,0.9333333333333333,0.9994176110689149,0.9996319199057715
very_long,cot,dissimilar_insertion,date_recurrence,300,293,0.4402730375426621,0.9964046643550426,0.9978000104761406
very_long,cot,dissimilar_insertion,date_subtraction,300,299,0.7190635451505016,0.9992708908007117,0.9994124214113638
very_long,cot,dissimilar_insertion,day_of_week,300,265,0.4037735849056604,0.9855806673419161,0.9926141427386063
very_long,cot,dissimilar_insertion,interval_date,300,293,0.31399317406143346,0.9989009472115487,0.9993623042074637
very_long,cot,dissimilar_insertion,time_addition,298,298,0.8489932885906041,0.9989482871349462,0.9988985328457506
very_long,cot,dissimilar_insertion,time_duration,298,297,0.8585858585858586,0.9985597231840204,0.9963718301252673
very_long,cot,dissimilar_insertion,time_subtraction,222,220,0.8409090909090909,0.9990985309801397,0.9990726731416858
very_long,cot,no_insertion,date_addition,300,300,0.8333333333333334,0.9979471491634386,0.9981082819416595
very_long,cot,no_insertion,date_duration,300,298,0.9395973154362416,0.9998471195022312,0.9998936848819903
very_long,cot,no_insertion,date_recurrence,300,296,0.47297297297297297,0.995650047684244,0.9970598644270819
very_long,cot,no_insertion,date_subtraction,300,299,0.705685618729097,0.9995868219191841,0.9997107318484235
very_long,cot,no_insertion,day_of_week,300,254,0.4015748031496063,0.9607089226564051,0.9749245587974252
very_long,cot,no_insertion,interval_date,300,292,0.2910958904109589,0.9988806714722109,0.9994241132028904
very_long,cot,no_insertion,time_addition,298,294,0.8469387755102041,0.9989743401470389,0.9990788946736083
very_long,cot,no_insertion,time_duration,298,298,0.8926174496644296,0.998610540235243,0.9986164682206943
very_long,cot,no_insertion,time_subtraction,222,220,0.8772727272727273,0.99913783833966,0.9993192030136613
very_long,cot,similar_insertion,date_addition,300,300,0.8233333333333334,0.9991271333977898,0.999046930458788
very_long,cot,similar_insertion,date_duration,300,299,0.9063545150501672,0.9996461385836386,0.9998114393463231
very_long,cot,similar_insertion,date_recurrence,300,267,0.3895131086142322,0.9947880629220468,0.9978141879075817
very_long,cot,similar_insertion,date_subtraction,300,300,0.7,0.9979233317297704,0.9983152429088298
very_long,cot,similar_insertion,day_of_week,300,263,0.4068441064638783,0.9810344588871607,0.986847653661573
very_long,cot,similar_insertion,interval_date,300,294,0.30272108843537415,0.9994164640398505,0.9996371342313052
very_long,cot,similar_insertion,time_addition,298,297,0.8619528619528619,0.9988993016660113,0.9993336294980009
very_long,cot,similar_insertion,time_duration,298,298,0.8355704697986577,0.9988063261183924,0.9987627165246082
very_long,cot,similar_insertion,time_subtraction,222,222,0.8738738738738738,0.9986464690451121,0.9989566391505815
very_long,direct,dissimilar_insertion,date_addition,300,300,0.8166666666666667,,
very_long,direct,dissimilar_insertion,date_duration,300,300,0.7433333333333333,,
very_long,direct,dissimilar_insertion,date_recurrence,300,299,0.06688963210702341,,
very_long,direct,dissimilar_insertion,date_subtraction,300,300,0.8533333333333334,,
very_long,direct,dissimilar_insertion,day_of_week,300,300,0.17,,
very_long,direct,dissimilar_insertion,interval_date,300,300,0.2966666666666667,,
very_long,direct,dissimilar_insertion,time_addition,298,298,0.5536912751677853,,
very_long,direct,dissimilar_insertion,time_duration,298,298,0.4664429530201342,,
very_long,direct,dissimilar_insertion,time_subtraction,222,222,0.44594594594594594,,
very_long,direct,no_insertion,date_addition,300,300,0.82,,
very_long,direct,no_insertion,date_duration,300,300,0.7333333333333333,,
very_long,direct,no_insertion,date_recurrence,300,299,0.05351170568561873,,
very_long,direct,no_insertion,date_subtraction,300,300,0.87,,
very_long,direct,no_insertion,day_of_week,300,300,0.17333333333333334,,
very_long,direct,no_insertion,interval_date,300,300,0.3333333333333333,,
very_long,direct,no_insertion,time_addition,298,298,0.6208053691275168,,
very_long,direct,no_insertion,time_duration,298,298,0.4228187919463087,,
very_long,direct,no_insertion,time_subtraction,222,222,0.5405405405405406,,
very_long,direct,similar_insertion,date_addition,300,300,0.8166666666666667,,
very_long,direct,similar_insertion,date_duration,300,300,0.7233333333333334,,
very_long,direct,similar_insertion,date_recurrence,300,290,0.05172413793103448,,
very_long,direct,similar_insertion,date_subtraction,300,300,0.82,,
very_long,direct,similar_insertion,day_of_week,300,300,0.15,,
very_long,direct,similar_insertion,interval_date,300,300,0.3433333333333333,,
very_long,direct,similar_insertion,time_addition,298,298,0.5939597315436241,,
very_long,direct,similar_insertion,time_duration,298,298,0.4261744966442953,,
very_long,direct,similar_insertion,time_subtraction,222,222,0.5225225225225225,,
