difficulty,insertion,responses,scored,accuracy,cot_ratio_avg,cot_ratio_pooled
short,dissimilar_insertion,2984,2973,0.7356205852674067,0.9963146784258179,0.9963297958371176
short,no_insertion,2984,2961,0.7436676798378926,0.9935922376898361,0.9859477324877036
short,similar_insertion,2984,2949,0.7277043065445914,0.9949674006943007,0.9942619491971514
medium,dissimilar_insertion,2996,2970,0.7043771043771043,0.9930635947380472,0.9931046315857203
medium,no_insertion,2996,2966,0.7161159811193527,0.9910400897603308,0.9875791801432218
medium,similar_insertion,2996,2968,0.6997978436657682,0.9931525289113249,0.9942337737399645
long,dissimilar_insertion,1140,1140,0.9263157894736842,0.9993050930401292,0.9993722536095417
long,no_insertion,1140,1140,0.9280701754385965,0.9986809559049077,0.998975973299452
long,similar_insertion,1140,1139,0.9192273924495171,0.9992436277733233,0.999469645491158
very_long,dissimilar_insertion,5236,5182,0.5901196449247395,0.9971542543117636,0.99728152386746
very_long,no_insertion,5236,5168,0.6002321981424149,0.9942227326908475,0.9928802738712065
very_long,similar_insertion,5236,5148,0.5862470862470862,0.9964081245515067,0.996475706344521
