difficulty,language,task,responses,scored,accuracy,cot_ratio_avg,cot_ratio_pooled
short,en_US,date_addition,900,900,0.99,1.0,1.0
short,en_US,date_duration,900,900,0.9733333333333334,1.0,1.0
short,en_US,date_recurrence,900,880,0.7090909090909091,1.0,1.0
short,en_US,date_subtraction,900,900,0.9855555555555555,1.0,1.0
short,en_US,day_of_week,876,841,0.43638525564803804,1.0,1.0
short,hi_IN,date_addition,900,900,0.9711111111111111,0.9975583625077505,0.9972667365583345
short,hi_IN,date_duration,900,900,0.8966666666666666,0.9995954447504531,0.999338922443583
short,hi_IN,date_recurrence,900,898,0.19042316258351893,0.9801939715249611,0.9805270978337374
short,hi_IN,date_subtraction,900,900,0.98,0.9985545581095189,0.9975993407144649
short,hi_IN,day_of_week,876,864,0.18055555555555555,0.9732338563441665,0.9535997466918216
medium,en_US,date_addition,900,900,0.9844444444444445,1.0,1.0
medium,en_US,date_duration,900,900,0.9588888888888889,1.0,1.0
medium,en_US,date_recurrence,900,892,0.5560538116591929,1.0,1.0
medium,en_US,date_subtraction,900,900,0.9655555555555555,1.0,1.0
medium,en_US,day_of_week,894,831,0.38868832731648617,1.0,1.0
medium,hi_IN,date_addition,900,900,0.9422222222222222,0.9970544341023969,0.9966339869281046
medium,hi_IN,date_duration,900,900,0.8888888888888888,0.9993918289170509,0.9992535224409816
medium,hi_IN,date_recurrence,900,900,0.2388888888888889,0.9709005977879156,0.9711751079288197
medium,hi_IN,date_subtraction,900,899,0.9132369299221357,0.9978007247119042,0.9971249842032099
medium,hi_IN,day_of_week,894,882,0.19501133786848074,0.9588666537003658,0.9528917309130289
long,en_US,date_addition,900,900,0.9666666666666667,1.0,1.0
long,en_US,date_duration,810,810,0.9469135802469136,1.0,1.0
long,hi_IN,date_addition,900,900,0.8922222222222222,0.9970573946022634,0.9969481180061037
long,hi_IN,date_duration,810,809,0.8912237330037083,0.9993705880455469,0.9994311897614157
very_long,en_US,date_addition,900,900,0.9033333333333333,1.0,1.0
very_long,en_US,date_duration,900,900,0.8811111111111111,1.0,1.0
very_long,en_US,date_recurrence,900,848,0.4658018867924528,1.0,1.0
very_long,en_US,date_subtraction,900,900,0.8922222222222222,1.0,1.0
very_long,en_US,day_of_week,900,804,0.3756218905472637,1.0,1.0
very_long,en_US,interval_date,900,882,0.36281179138321995,1.0,1.0
very_long,en_US,time_addition,894,890,0.7730337078651686,1.0,1.0
very_long,en_US,time_duration,894,894,0.7930648769574944,1.0,1.0
very_long,en_US,time_subtraction,666,666,0.7372372372372372,1.0,1.0
very_long,hi_IN,date_addition,900,900,0.75,0.9972053941566269,0.9969994909850778
very_long,hi_IN,date_duration,900,897,0.778149386845039,0.9992739127698563,0.9992298499535254
very_long,hi_IN,date_recurrence,900,896,0.03236607142857143,0.9912285166408888,0.9922099578143083
very_long,hi_IN,date_subtraction,900,898,0.6636971046770601,0.997854029633111,0.997678512206944
very_long,hi_IN,day_of_week,900,878,0.1845102505694761,0.9515493659236547,0.9478238737592263
very_long,hi_IN,interval_date,900,897,0.2653288740245262,0.9981320551490735,0.998079267783475
very_long,hi_IN,time_addition,894,893,0.6685330347144457,0.9978812859653308,0.9977263157894737
very_long,hi_IN,time_duration,894,893,0.5072788353863382,0.9973177263584373,0.996003411721701
very_long,hi_IN,time_subtraction,666,662,0.6283987915407855,0.9979218922432744,0.9978370125326038
