difficulty,task,responses,scored,accuracy,cot_ratio_avg,cot_ratio_pooled
short,date_addition,1800,1800,0.9805555555555555,0.9987791812538754,0.9984337452797803
short,date_duration,1800,1800,0.935,0.9997977223752265,0.9997334561050668
short,date_recurrence,1800,1778,0.44713160854893136,0.9900969857624817,0.9944391507608016
short,date_subtraction,1800,1800,0.9827777777777778,0.9992772790547593,0.9986198941232208
short,day_of_week,1752,1705,0.30674486803519063,0.9866169281720836,0.9863531420367461
medium,date_addition,1800,1800,0.9633333333333334,0.9985272170511988,0.9981251251433461
medium,date_duration,1800,1800,0.9238888888888889,0.9996959144585257,0.9997160804911808
medium,date_recurrence,1800,1792,0.39676339285714285,0.9854502988939581,0.9909316019180283
medium,date_subtraction,1800,1799,0.9394107837687604,0.998900362355952,0.998381560460277
medium,day_of_week,1788,1713,0.28896672504378285,0.9794333268501836,0.9871819157668751
long,date_addition,1800,1800,0.9294444444444444,0.9985286973011319,0.9985396861756958
long,date_duration,1620,1619,0.9190858554663373,0.9996852940227736,0.9998151647087817
very_long,date_addition,1800,1800,0.8266666666666667,0.9986026970783138,0.9986709228779267
very_long,date_duration,1800,1797,0.8297161936560935,0.9996369563849281,0.9997859968120905
very_long,date_recurrence,1800,1744,0.24311926605504589,0.9956142583204445,0.9975973348071727
very_long,date_subtraction,1800,1798,0.7780867630700778,0.9989270148165557,0.9991318036540572
very_long,day_of_week,1800,1682,0.27586206896551724,0.9757746829618277,0.9845032833976428
very_long,interval_date,1800,1779,0.3136593591905565,0.9990660275745364,0.9994702853089388
very_long,time_addition,1788,1783,0.7206954570947841,0.9989406429826658,0.9991665723487226
very_long,time_duration,1788,1787,0.6502518186905428,0.9986588631792188,0.9979275135217106
very_long,time_subtraction,1332,1328,0.6829819277108434,0.998960946121637,0.9990946491099602
