difficulty,insertion,task,responses,scored,accuracy,cot_ratio_avg,cot_ratio_pooled
short,dissimilar_insertion,date_addition,600,600,0.9833333333333333,0.998910627884793,0.998366440146367
short,dissimilar_insertion,date_duration,600,600,0.9533333333333334,0.9998575007191607,0.9997976118194697
short,dissimilar_insertion,date_recurrence,600,600,0.425,0.9902569869846825,0.9919911084959628
short,dissimilar_insertion,date_subtraction,600,600,0.99,0.9995184544480943,0.9993311443512101
short,dissimilar_insertion,day_of_week,584,573,0.30715532286212915,0.9929398260284297,0.9958756173007001
short,no_insertion,date_addition,600,600,0.9866666666666667,0.9981730864190689,0.9976880394574599
short,no_insertion,date_duration,600,600,0.9183333333333333,0.999948717948718,0.9999294806248017
short,no_insertion,date_recurrence,600,600,0.48833333333333334,0.991028072048973,0.9927174887892377
short,no_insertion,date_subtraction,600,600,0.9833333333333333,0.9996205069440365,0.9993835721991062
short,no_insertion,day_of_week,584,561,0.3137254901960784,0.9787962452910842,0.9765390448481848
short,similar_insertion,date_addition,600,600,0.9716666666666667,0.9992538294577641,0.9990178961152335
short,similar_insertion,date_duration,600,600,0.9333333333333333,0.9995869484578008,0.9994910423452769
short,similar_insertion,date_recurrence,600,578,0.4273356401384083,0.9890058982537865,0.9960588405873514
short,similar_insertion,date_subtraction,600,600,0.975,0.9986928757721476,0.9974899335878262
short,similar_insertion,day_of_week,584,571,0.29947460595446584,0.9881147131967359,0.9892168121267799
medium,dissimilar_insertion,date_addition,600,600,0.9566666666666667,0.998759464615548,0.9982695098805403
medium,dissimilar_insertion,date_duration,600,600,0.9183333333333333,0.9995287138423574,0.9994995573006891
medium,dissimilar_insertion,date_recurrence,600,600,0.4033333333333333,0.9851662805507969,0.9889191473377782
medium,dissimilar_insertion,date_subtraction,600,600,0.9283333333333333,0.9994274895530744,0.999096657633243
medium,dissimilar_insertion,day_of_week,596,570,0.29473684210526313,0.9823646991579214,0.9905166312809625
medium,no_insertion,date_addition,600,600,0.9683333333333334,0.9979565952595635,0.9974312386441953
medium,no_insertion,date_duration,600,600,0.9333333333333333,0.9997111697180495,0.9998270793705689
medium,no_insertion,date_recurrence,600,600,0.3983333333333333,0.9878063251054319,0.9906012697622308
medium,no_insertion,date_subtraction,600,600,0.955,0.9984661982723793,0.9981832862333468
medium,no_insertion,day_of_week,596,566,0.30212014134275617,0.9711274092427784,0.9800444549352846
medium,similar_insertion,date_addition,600,600,0.965,0.9988655912784841,0.9985281549710379
medium,similar_insertion,date_duration,600,600,0.92,0.9998478598151693,0.9997975640203786
medium,similar_insertion,date_recurrence,600,592,0.3885135135135135,0.9833782910256448,0.9922533968590083
medium,similar_insertion,date_subtraction,600,599,0.9348914858096828,0.9988073992424021,0.997915373015169
medium,similar_insertion,day_of_week,596,577,0.2703639514731369,0.9848078721498487,0.9917636135234038
long,dissimilar_insertion,date_addition,600,600,0.9316666666666666,0.9988698072476256,0.9986813766427849
long,dissimilar_insertion,date_duration,540,540,0.9203703703703704,0.9997887439206882,0.9998726560758969
long,no_insertion,date_addition,600,600,0.9233333333333333,0.99801088360109,0.9979514874994181
long,no_insertion,date_duration,540,540,0.9333333333333333,0.9994254806869266,0.9996800409547578
long,similar_insertion,date_addition,600,600,0.9333333333333333,0.9987054010546796,0.9989070185026153
long,similar_insertion,date_duration,540,539,0.9035250463821892,0.9998416574607051,0.9998847893084478
very_long,dissimilar_insertion,date_addition,600,600,0.8333333333333334,0.9987338086737121,0.998796059832178
very_long,dissimilar_insertion,date_duration,600,600,0.8383333333333334,0.9994176110689149,0.9996319199057715
very_long,dissimilar_insertion,date_recurrence,600,592,0.2516891891891892,0.9964046643550426,0.9978000104761406
very_long,dissimilar_insertion,date_subtraction,600,599,0.7863105175292153,0.9992708908007117,0.9994124214113638
very_long,dissimilar_insertion,day_of_week,600,565,0.27964601769911507,0.9855806673419161,0.9926141427386063
very_long,dissimilar_insertion,interval_date,600,593,0.30522765598650925,0.9989009472115487,0.9993623042074637
very_long,dissimilar_insertion,time_addition,596,596,0.7013422818791947,0.9989482871349462,0.9988985328457506
very_long,dissimilar_insertion,time_duration,596,595,0.6621848739495798,0.9985597231840204,0.9963718301252673
very_long,dissimilar_insertion,time_subtraction,444,442,0.6425339366515838,0.9990985309801397,0.9990726731416858
very_long,no_insertion,date_addition,600,600,0.8266666666666667,0.9979471491634386,0.9981082819416595
very_long,no_insertion,date_duration,600,598,0.8361204013377926,0.9998471195022312,0.9998936848819903
very_long,no_insertion,date_recurrence,600,595,0.26218487394957984,0.995650047684244,0.9970598644270819
very_long,no_insertion,date_subtraction,600,599,0.7879799666110183,0.9995868219191841,0.9997107318484235
very_long,no_insertion,day_of_week,600,554,0.2779783393501805,0.9607089226564051,0.9749245587974252
very_long,no_insertion,interval_date,600,592,0.3125,0.9988806714722109,0.9994241132028904
very_long,no_insertion,time_addition,596,592,0.7331081081081081,0.9989743401470389,0.9990788946736083
very_long,no_insertion,time_duration,596,596,0.6577181208053692,0.998610540235243,0.9986164682206943
very_long,no_insertion,time_subtraction,444,442,0.7081447963800905,0.99913783833966,0.9993192030136613
very_long,similar_insertion,date_addition,600,600,0.82,0.9991271333977898,0.999046930458788
very_long,similar_insertion,date_duration,600,599,0.8146911519198664,0.9996461385836386,0.9998114393463231
very_long,similar_insertion,date_recurrence,600,557,0.21364452423698385,0.9947880629220468,0.9978141879075817
very_long,similar_insertion,date_subtraction,600,600,0.76,0.9979233317297704,0.9983152429088298
very_long,similar_insertion,day_of_week,600,563,0.2699822380106572,0.9810344588871607,0.986847653661573
very_long,similar_insertion,interval_date,600,594,0.32323232323232326,0.9994164640398505,0.9996371342313052
very_long,similar_insertion,time_addition,596,595,0.7277310924369748,0.9988993016660113,0.9993336294980009
very_long,similar_insertion,time_duration,596,596,0.6308724832214765,0.9988063261183924,0.9987627165246082
very_long,similar_insertion,time_subtraction,444,444,0.6981981981981982,0.9986464690451121,0.9989566391505815
