difficulty,language,insertion,responses,scored,accuracy,cot_ratio_avg,cot_ratio_pooled
short,en_US,dissimilar_insertion,1492,1482,0.8225371120107963,1.0,1.0
short,en_US,no_insertion,1492,1475,0.8338983050847457,1.0,1.0
short,en_US,similar_insertion,1492,1464,0.8169398907103825,1.0,1.0
short,hi_IN,dissimilar_insertion,1492,1491,0.6492287055667337,0.9926293568516362,0.9905243716373565
short,hi_IN,no_insertion,1492,1486,0.6541049798115747,0.9871844753796727,0.9610799276337153
short,hi_IN,similar_insertion,1492,1485,0.6397306397306397,0.989934801388601,0.9824409595569638
medium,en_US,dissimilar_insertion,1498,1476,0.7703252032520326,1.0,1.0
medium,en_US,no_insertion,1498,1475,0.7783050847457628,1.0,1.0
medium,en_US,similar_insertion,1498,1472,0.782608695652174,1.0,1.0
medium,hi_IN,dissimilar_insertion,1498,1494,0.6392235609103079,0.9861271894760933,0.9813363520260072
medium,hi_IN,no_insertion,1498,1491,0.6545942320590208,0.9820801795206622,0.9648322069106762
medium,hi_IN,similar_insertion,1498,1496,0.6183155080213903,0.98630505782265,0.9824334548455878
long,en_US,dissimilar_insertion,570,570,0.9614035087719298,1.0,1.0
long,en_US,no_insertion,570,570,0.9526315789473684,1.0,1.0
long,en_US,similar_insertion,570,570,0.9578947368421052,1.0,1.0
long,hi_IN,dissimilar_insertion,570,570,0.8912280701754386,0.9986101860802583,0.9983619983619983
long,hi_IN,no_insertion,570,570,0.9035087719298246,0.9973619118098149,0.9971898417985012
long,hi_IN,similar_insertion,570,569,0.8804920913884007,0.9984872555466467,0.9987247947716585
very_long,en_US,dissimilar_insertion,2618,2575,0.6912621359223301,1.0,1.0
very_long,en_US,no_insertion,2618,2566,0.7003117692907249,1.0,1.0
very_long,en_US,similar_insertion,2618,2543,0.6830515139598899,1.0,1.0
very_long,hi_IN,dissimilar_insertion,2618,2607,0.4902186421173763,0.9943085086235268,0.9921950154530507
very_long,hi_IN,no_insertion,2618,2602,0.5015372790161414,0.9884454653816952,0.979569214430321
very_long,hi_IN,similar_insertion,2618,2605,0.49174664107485605,0.9928162491030136,0.9885705107613235
