difficulty,language,condition,responses,scored,accuracy,cot_ratio_avg,cot_ratio_pooled
short,en_US,cot,2238,2187,0.9423868312757202,1.0,1.0
short,en_US,direct,2238,2234,0.7090420769919427,,
short,hi_IN,cot,2238,2224,0.6722122302158273,0.9899162112066373,0.9780949647124036
short,hi_IN,direct,2238,2238,0.6233243967828418,,
medium,en_US,cot,2247,2176,0.9347426470588235,1.0,1.0
medium,en_US,direct,2247,2247,0.6243880729862038,,
medium,hi_IN,cot,2247,2234,0.6692032229185317,0.9848374756064684,0.9763427749491562
medium,hi_IN,direct,2247,2247,0.6056964842011571,,
long,en_US,cot,855,855,0.991812865497076,1.0,1.0
long,en_US,direct,855,855,0.9228070175438596,,
long,hi_IN,cot,855,854,0.8957845433255269,0.9981531178122399,0.9981557471529346
long,hi_IN,direct,855,855,0.887719298245614,,
very_long,en_US,cot,3927,3769,0.8612364022287079,1.0,1.0
very_long,en_US,direct,3927,3915,0.5282247765006386,,
very_long,hi_IN,cot,3927,3887,0.5217391304347826,0.9918567410360786,0.9867491907312786
very_long,hi_IN,direct,3927,3927,0.4675324675324675,,
