difficulty,language,condition,insertion,task,responses,scored,accuracy,cot_ratio_avg,cot_ratio_pooled
short,en_US,cot,dissimilar_insertion,date_addition,150,150,1.0,1.0,1.0
short,en_US,cot,dissimilar_insertion,date_duration,150,150,0.9933333333333333,1.0,1.0
short,en_US,cot,dissimilar_insertion,date_recurrence,150,150,0.96,1.0,1.0
short,en_US,cot,dissimilar_insertion,date_subtraction,150,150,0.9933333333333333,1.0,1.0
short,en_US,cot,dissimilar_insertion,day_of_week,146,136,0.7573529411764706,1.0,1.0
short,en_US,cot,no_insertion,date_addition,150,150,1.0,1.0,1.0
short,en_US,cot,no_insertion,date_duration,150,150,0.98,1.0,1.0
short,en_US,cot,no_insertion,date_recurrence,150,150,0.9933333333333333,1.0,1.0
short,en_US,cot,no_insertion,date_subtraction,150,150,0.9866666666666667,1.0,1.0
short,en_US,cot,no_insertion,day_of_week,146,129,0.7751937984496124,1.0,1.0
short,en_US,cot,similar_insertion,date_addition,150,150,1.0,1.0,1.0
short,en_US,cot,similar_insertion,date_duration,150,150,0.9866666666666667,1.0,1.0
short,en_US,cot,similar_insertion,date_recurrence,150,134,0.9253731343283582,1.0,1.0
short,en_US,cot,similar_insertion,date_subtraction,150,150,0.9866666666666667,1.0,1.0
short,en_US,cot,similar_insertion,day_of_week,146,138,0.7391304347826086,1.0,1.0
short,en_US,direct,dissimilar_insertion,date_addition,150,150,0.9733333333333334,,
short,en_US,direct,dissimilar_insertion,date_duration,150,150,0.9466666666666667,,
short,en_US,direct,dissimilar_insertion,date_recurrence,150,150,0.44,,
short,en_US,direct,dissimilar_insertion,date_subtraction,150,150,0.9866666666666667,,
short,en_US,direct,dissimilar_insertion,day_of_week,146,146,0.1506849315068493,,
short,en_US,direct,no_insertion,date_addition,150,150,0.98,,
short,en_US,direct,no_insertion,date_duration,150,150,0.9733333333333334,,
short,en_US,direct,no_insertion,date_recurrence,150,150,0.5133333333333333,,
short,en_US,direct,no_insertion,date_subtraction,150,150,0.98,,
short,en_US,direct,no_insertion,day_of_week,146,146,0.13013698630136986,,
short,en_US,direct,similar_insertion,date_addition,150,150,0.9866666666666667,,
short,en_US,direct,similar_insertion,date_duration,150,150,0.96,,
short,en_US,direct,similar_insertion,date_recurrence,150,146,0.4383561643835616,,
short,en_US,direct,similar_insertion,date_subtraction,150,150,0.98,,
short,en_US,direct,similar_insertion,day_of_week,146,146,0.14383561643835616,,
short,hi_IN,cot,dissimilar_insertion,date_addition,150,150,0.98,0.997821255769586,0.9972320637732507
short,hi_IN,cot,dissimilar_insertion,date_duration,150,150,0.9,0.9997150014383215,0.9995531325408884
short,hi_IN,cot,dissimilar_insertion,date_recurrence,150,150,0.20666666666666667,0.9805139739693648,0.979397914564413
short,hi_IN,cot,dissimilar_insertion,date_subtraction,150,150,0.9866666666666667,0.9990369088961886,0.9988916876574307
short,hi_IN,cot,dissimilar_insertion,day_of_week,146,145,0.2413793103448276,0.9858796520568592,0.984970583873041
short,hi_IN,cot,no_insertion,date_addition,150,150,0.9866666666666667,0.996346172838138,0.9958012596221134
short,hi_IN,cot,no_insertion,date_duration,150,150,0.8933333333333333,0.9998974358974358,0.999802488643097
short,hi_IN,cot,no_insertion,date_recurrence,150,150,0.38,0.9820561440979452,0.9827761751230273
short,hi_IN,cot,no_insertion,date_subtraction,150,150,0.98,0.9992410138880725,0.9989024557552476
short,hi_IN,cot,no_insertion,day_of_week,146,140,0.24285714285714285,0.9575924905821686,0.9197175639894086
short,hi_IN,cot,similar_insertion,date_addition,150,150,0.9733333333333334,0.9985076589155284,0.9982907606115279
short,hi_IN,cot,similar_insertion,date_duration,150,150,0.8333333333333334,0.9991738969156013,0.9987462387161484
short,hi_IN,cot,similar_insertion,date_recurrence,150,148,0.2635135135135135,0.9780117965075732,0.9796363141047469
short,hi_IN,cot,similar_insertion,date_subtraction,150,150,0.9533333333333334,0.997385751544295,0.9955119214586255
short,hi_IN,cot,similar_insertion,day_of_week,146,141,0.18439716312056736,0.9762294263934721,0.965534960543219
short,hi_IN,direct,dissimilar_insertion,date_addition,150,150,0.98,,
short,hi_IN,direct,dissimilar_insertion,date_duration,150,150,0.9733333333333334,,
short,hi_IN,direct,dissimilar_insertion,date_recurrence,150,150,0.09333333333333334,,
short,hi_IN,direct,dissimilar_insertion,date_subtraction,150,150,0.9933333333333333,,
short,hi_IN,direct,dissimilar_insertion,day_of_week,146,146,0.1095890410958904,,
short,hi_IN,direct,no_insertion,date_addition,150,150,0.98,,
short,hi_IN,direct,no_insertion,date_duration,150,150,0.8266666666666667,,
short,hi_IN,direct,no_insertion,date_recurrence,150,150,0.06666666666666667,,
short,hi_IN,direct,no_insertion,date_subtraction,150,150,0.9866666666666667,,
short,hi_IN,direct,no_insertion,day_of_week,146,146,0.15753424657534246,,
short,hi_IN,direct,similar_insertion,date_addition,150,150,0.9266666666666666,,
short,hi_IN,direct,similar_insertion,date_duration,150,150,0.9533333333333334,,
short,hi_IN,direct,similar_insertion,date_recurrence,150,150,0.13333333333333333,,
short,hi_IN,direct,similar_insertion,date_subtraction,150,150,0.98,,
short,hi_IN,direct,similar_insertion,day_of_week,146,146,0.1506849315068493,,
medium,en_US,cot,dissimilar_insertion,date_addition,150,150,1.0,1.0,1.0
medium,en_US,cot,dissimilar_insertion,date_duration,150,150,1.0,1.0,1.0
medium,en_US,cot,dissimilar_insertion,date_recurrence,150,150,0.9666666666666667,1.0,1.0
medium,en_US,cot,dissimilar_insertion,date_subtraction,150,150,0.9533333333333334,1.0,1.0
medium,en_US,cot,dissimilar_insertion,day_of_week,149,127,0.7086614173228346,1.0,1.0
medium,en_US,cot,no_insertion,date_addition,150,150,0.9933333333333333,1.0,1.0
medium,en_US,cot,no_insertion,date_duration,150,150,0.9866666666666667,1.0,1.0
medium,en_US,cot,no_insertion,date_recurrence,150,150,0.9866666666666667,1.0,1.0
medium,en_US,cot,no_insertion,date_subtraction,150,150,1.0,1.0,1.0
medium,en_US,cot,no_insertion,day_of_week,149,126,0.6904761904761905,1.0,1.0
medium,en_US,cot,similar_insertion,date_addition,150,150,1.0,1.0,1.0
medium,en_US,cot,similar_insertion,date_duration,150,150,0.98,1.0,1.0
medium,en_US,cot,similar_insertion,date_recurrence,150,142,0.9436619718309859,1.0,1.0
medium,en_US,cot,similar_insertion,date_subtraction,150,150,0.9866666666666667,1.0,1.0
medium,en_US,cot,similar_insertion,day_of_week,149,131,0.7251908396946565,1.0,1.0
medium,en_US,direct,dissimilar_insertion,date_addition,150,150,0.9666666666666667,,
medium,en_US,direct,dissimilar_insertion,date_duration,150,150,0.9266666666666666,,
medium,en_US,direct,dissimilar_insertion,date_recurrence,150,150,0.13333333333333333,,
medium,en_US,direct,dissimilar_insertion,date_subtraction,150,150,0.9466666666666667,,
medium,en_US,direct,dissimilar_insertion,day_of_week,149,149,0.087248322147651,,
medium,en_US,direct,no_insertion,date_addition,150,150,0.98,,
medium,en_US,direct,no_insertion,date_duration,150,150,0.9266666666666666,,
medium,en_US,direct,no_insertion,date_recurrence,150,150,0.11333333333333333,,
medium,en_US,direct,no_insertion,date_subtraction,150,150,0.9666666666666667,,
medium,en_US,direct,no_insertion,day_of_week,149,149,0.12080536912751678,,
medium,en_US,direct,similar_insertion,date_addition,150,150,0.9666666666666667,,
medium,en_US,direct,similar_insertion,date_duration,150,150,0.9333333333333333,,
medium,en_US,direct,similar_insertion,date_recurrence,150,150,0.21333333333333335,,
medium,en_US,direct,similar_insertion,date_subtraction,150,150,0.94,,
medium,en_US,direct,similar_insertion,day_of_week,149,149,0.1342281879194631,,
medium,hi_IN,cot,dissimilar_insertion,date_addition,150,150,0.92,0.9975189292310963,0.9969458128078817
medium,hi_IN,cot,dissimilar_insertion,date_duration,150,150,0.8266666666666667,0.999057427684715,0.9987807165634965
medium,hi_IN,cot,dissimilar_insertion,date_recurrence,150,150,0.46,0.9703325611015926,0.9710571498650968
medium,hi_IN,cot,dissimilar_insertion,date_subtraction,150,150,0.86,0.9988549791061484,0.9984483388097846
medium,hi_IN,cot,dissimilar_insertion,day_of_week,149,145,0.2620689655172414,0.9647293983158436,0.9650271029913672
medium,hi_IN,cot,no_insertion,date_addition,150,150,0.9466666666666667,0.9959131905191273,0.9954241071428571
medium,hi_IN,cot,no_insertion,date_duration,150,150,0.9533333333333334,0.9994223394360993,0.9995027349577325
medium,hi_IN,cot,no_insertion,date_recurrence,150,150,0.43333333333333335,0.9756126502108615,0.9755880688707461
medium,hi_IN,cot,no_insertion,date_subtraction,150,150,0.88,0.9969323965447586,0.9966033463328721
medium,hi_IN,cot,no_insertion,day_of_week,149,142,0.2887323943661972,0.9422548184855567,0.9300899286772559
medium,hi_IN,cot,similar_insertion,date_addition,150,150,0.9333333333333333,0.9977311825569677,0.997302001740644
medium,hi_IN,cot,similar_insertion,date_duration,150,150,0.8533333333333334,0.9996957196303388,0.9994752492566031
medium,hi_IN,cot,similar_insertion,date_recurrence,150,150,0.4,0.9667565820512891,0.9672045420588675
medium,hi_IN,cot,similar_insertion,date_subtraction,150,149,0.8590604026845637,0.9976147984848043,0.9963128579273555
medium,hi_IN,cot,similar_insertion,day_of_week,149,148,0.12162162162162163,0.9696157442996969,0.9681022083086556
medium,hi_IN,direct,dissimilar_insertion,date_addition,150,150,0.94,,
medium,hi_IN,direct,dissimilar_insertion,date_duration,150,150,0.92,,
medium,hi_IN,direct,dissimilar_insertion,date_recurrence,150,150,0.05333333333333334,,
medium,hi_IN,direct,dissimilar_insertion,date_subtraction,150,150,0.9533333333333334,,
medium,hi_IN,direct,dissimilar_insertion,day_of_week,149,149,0.18120805369127516,,
medium,hi_IN,direct,no_insertion,date_addition,150,150,0.9533333333333334,,
medium,hi_IN,direct,no_insertion,date_duration,150,150,0.8666666666666667,,
medium,hi_IN,direct,no_insertion,date_recurrence,150,150,0.06,,
medium,hi_IN,direct,no_insertion,date_subtraction,150,150,0.9733333333333334,,
medium,hi_IN,direct,no_insertion,day_of_week,149,149,0.16778523489932887,,
medium,hi_IN,direct,similar_insertion,date_addition,150,150,0.96,,
medium,hi_IN,direct,similar_insertion,date_duration,150,150,0.9133333333333333,,
medium,hi_IN,direct,similar_insertion,date_recurrence,150,150,0.02666666666666667,,
medium,hi_IN,direct,similar_insertion,date_subtraction,150,150,0.9533333333333334,,
medium,hi_IN,direct,similar_insertion,day_of_week,149,149,0.15436241610738255,,
long,en_US,cot,dissimilar_insertion,date_addition,150,150,0.9866666666666667,1.0,1.0
long,en_US,cot,dissimilar_insertion,date_duration,135,135,1.0,1.0,1.0
long,en_US,cot,no_insertion,date_addition,150,150,0.9866666666666667,1.0,1.0
long,en_US,cot,no_insertion,date_duration,135,135,1.0,1.0,1.0
long,en_US,cot,similar_insertion,date_addition,150,150,1.0,1.0,1.0
long,en_US,cot,similar_insertion,date_duration,135,135,0.9777777777777777,1.0,1.0
long,en_US,direct,dissimilar_insertion,date_addition,150,150,0.9466666666666667,,
long,en_US,direct,dissimilar_insertion,date_duration,135,135,0.9111111111111111,,
long,en_US,direct,no_insertion,date_addition,150,150,0.9333333333333333,,
long,en_US,direct,no_insertion,date_duration,135,135,0.8888888888888888,,
long,en_US,direct,similar_insertion,date_addition,150,150,0.9466666666666667,,
long,en_US,direct,similar_insertion,date_duration,135,135,0.9037037037037037,,
long,hi_IN,cot,dissimilar_insertion,date_addition,150,150,0.9066666666666666,0.9977396144952518,0.997215777262181
long,hi_IN,cot,dissimilar_insertion,date_duration,135,135,0.8740740740740741,0.9995774878413769,0.999599278701663
long,hi_IN,cot,no_insertion,date_addition,150,150,0.9,0.99602176720218,0.995726080621661
long,hi_IN,cot,no_insertion,date_duration,135,135,0.9407407407407408,0.9988509613738533,0.9988790494339199
long,hi_IN,cot,similar_insertion,date_addition,150,150,0.8866666666666667,0.9974108021093597,0.9977331606217616
long,hi_IN,cot,similar_insertion,date_duration,135,134,0.8656716417910447,0.99968331492141,0.9996860775388479
long,hi_IN,direct,dissimilar_insertion,date_addition,150,150,0.8866666666666667,,
long,hi_IN,direct,dissimilar_insertion,date_duration,135,135,0.8962962962962963,,
long,hi_IN,direct,no_insertion,date_addition,150,150,0.8733333333333333,,
long,hi_IN,direct,no_insertion,date_duration,135,135,0.9037037037037037,,
long,hi_IN,direct,similar_insertion,date_addition,150,150,0.9,,
long,hi_IN,direct,similar_insertion,date_duration,135,135,0.8666666666666667,,
very_long,en_US,cot,dissimilar_insertion,date_addition,150,150,0.9533333333333334,1.0,1.0
very_long,en_US,cot,dissimilar_insertion,date_duration,150,150,1.0,1.0,1.0
very_long,en_US,cot,dissimilar_insertion,date_recurrence,150,143,0.8461538461538461,1.0,1.0
very_long,en_US,cot,dissimilar_insertion,date_subtraction,150,150,0.9,1.0,1.0
very_long,en_US,cot,dissimilar_insertion,day_of_week,150,120,0.6166666666666667,1.0,1.0
very_long,en_US,cot,dissimilar_insertion,interval_date,150,145,0.46206896551724136,1.0,1.0
very_long,en_US,cot,dissimilar_insertion,time_addition,149,149,0.9731543624161074,1.0,1.0
very_long,en_US,cot,dissimilar_insertion,time_duration,149,149,0.9932885906040269,1.0,1.0
very_long,en_US,cot,dissimilar_insertion,time_subtraction,111,111,0.990990990990991,1.0,1.0
very_long,en_US,cot,no_insertion,date_addition,150,150,0.94,1.0,1.0
very_long,en_US,cot,no_insertion,date_duration,150,150,0.9933333333333333,1.0,1.0
very_long,en_US,cot,no_insertion,date_recurrence,150,147,0.8843537414965986,1.0,1.0
very_long,en_US,cot,no_insertion,date_subtraction,150,150,0.9333333333333333,1.0,1.0
very_long,en_US,cot,no_insertion,day_of_week,150,112,0.6428571428571429,1.0,1.0
very_long,en_US,cot,no_insertion,interval_date,150,143,0.38461538461538464,1.0,1.0
very_long,en_US,cot,no_insertion,time_addition,149,146,0.9657534246575342,1.0,1.0
very_long,en_US,cot,no_insertion,time_duration,149,149,1.0,1.0,1.0
very_long,en_US,cot,no_insertion,time_subtraction,111,111,0.9819819819819819,1.0,1.0
very_long,en_US,cot,similar_insertion,date_addition,150,150,0.96,1.0,1.0
very_long,en_US,cot,similar_insertion,date_duration,150,150,0.9933333333333333,1.0,1.0
very_long,en_US,cot,similar_insertion,date_recurrence,150,120,0.775,1.0,1.0
very_long,en_US,cot,similar_insertion,date_subtraction,150,150,0.8933333333333333,1.0,1.0
very_long,en_US,cot,similar_insertion,day_of_week,150,122,0.6639344262295082,1.0,1.0
very_long,en_US,cot,similar_insertion,interval_date,150,144,0.4444444444444444,1.0,1.0
very_long,en_US,cot,similar_insertion,time_addition,149,148,0.972972972972973,1.0,1.0
very_long,en_US,cot,similar_insertion,time_duration,149,149,1.0,1.0,1.0
very_long,en_US,cot,similar_insertion,time_subtraction,111,111,0.9819819819819819,1.0,1.0
very_long,en_US,direct,dissimilar_insertion,date_addition,150,150,0.84,,
very_long,en_US,direct,dissimilar_insertion,date_duration,150,150,0.7933333333333333,,
very_long,en_US,direct,dissimilar_insertion,date_recurrence,150,149,0.1342281879194631,,
very_long,en_US,direct,dissimilar_insertion,date_subtraction,150,150,0.8733333333333333,,
very_long,en_US,direct,dissimilar_insertion,day_of_week,150,150,0.19333333333333333,,
very_long,en_US,direct,dissimilar_insertion,interval_date,150,150,0.28,,
very_long,en_US,direct,dissimilar_insertion,time_addition,149,149,0.47651006711409394,,
very_long,en_US,direct,dissimilar_insertion,time_duration,149,149,0.6711409395973155,,
very_long,en_US,direct,dissimilar_insertion,time_subtraction,111,111,0.44144144144144143,,
very_long,en_US,direct,no_insertion,date_addition,150,150,0.8533333333333334,,
very_long,en_US,direct,no_insertion,date_duration,150,150,0.7466666666666667,,
very_long,en_US,direct,no_insertion,date_recurrence,150,149,0.10738255033557047,,
very_long,en_US,direct,no_insertion,date_subtraction,150,150,0.9133333333333333,,
very_long,en_US,direct,no_insertion,day_of_week,150,150,0.18,,
very_long,en_US,direct,no_insertion,interval_date,150,150,0.30666666666666664,,
very_long,en_US,direct,no_insertion,time_addition,149,149,0.6644295302013423,,
very_long,en_US,direct,no_insertion,time_duration,149,149,0.5973154362416108,,
very_long,en_US,direct,no_insertion,time_subtraction,111,111,0.5135135135135135,,
very_long,en_US,direct,similar_insertion,date_addition,150,150,0.8733333333333333,,
very_long,en_US,direct,similar_insertion,date_duration,150,150,0.76,,
very_long,en_US,direct,similar_insertion,date_recurrence,150,140,0.10714285714285714,,
very_long,en_US,direct,similar_insertion,date_subtraction,150,150,0.84,,
very_long,en_US,direct,similar_insertion,day_of_week,150,150,0.12666666666666668,,
very_long,en_US,direct,similar_insertion,interval_date,150,150,0.30666666666666664,,
very_long,en_US,direct,similar_insertion,time_addition,149,149,0.5906040268456376,,
very_long,en_US,direct,similar_insertion,time_duration,149,149,0.4966442953020134,,
very_long,en_US,direct,similar_insertion,time_subtraction,111,111,0.5135135135135135,,
very_long,hi_IN,cot,dissimilar_insertion,date_addition,150,150,0.7466666666666667,0.9974676173474243,0.9972431077694236
very_long,hi_IN,cot,dissimilar_insertion,date_duration,150,150,0.8666666666666667,0.9988352221378295,0.9986562751948401
very_long,hi_IN,cot,dissimilar_insertion,date_recurrence,150,150,0.05333333333333334,0.9928093287100862,0.9933884297520661
very_long,hi_IN,cot,dissimilar_insertion,date_subtraction,150,149,0.5369127516778524,0.9985417816014236,0.9985256173977147
very_long,hi_IN,cot,dissimilar_insertion,day_of_week,150,145,0.22758620689655173,0.9711613346838306,0.972958781832502
very_long,hi_IN,cot,dissimilar_insertion,interval_date,150,148,0.16891891891891891,0.9978018944230973,0.9978954752718344
very_long,hi_IN,cot,dissimilar_insertion,time_addition,149,149,0.7248322147651006,0.9978965742698926,0.9976058226393412
very_long,hi_IN,cot,dissimilar_insertion,time_duration,149,148,0.722972972972973,0.9971194463680411,0.9931084512150888
very_long,hi_IN,cot,dissimilar_insertion,time_subtraction,111,109,0.6880733944954128,0.9981970619602792,0.9982353487508127
very_long,hi_IN,cot,no_insertion,date_addition,150,150,0.7266666666666667,0.9958942983268771,0.9955317247542449
very_long,hi_IN,cot,no_insertion,date_duration,150,148,0.8851351351351351,0.9996942390044622,0.999635009854734
very_long,hi_IN,cot,no_insertion,date_recurrence,150,149,0.06711409395973154,0.991300095368487,0.9919089002097693
very_long,hi_IN,cot,no_insertion,date_subtraction,150,149,0.47651006711409394,0.9991736438383684,0.9992096735951949
very_long,hi_IN,cot,no_insertion,day_of_week,150,142,0.2112676056338028,0.9214178453128117,0.9177822024812375
very_long,hi_IN,cot,no_insertion,interval_date,150,149,0.20134228187919462,0.9977613429444214,0.9978139801176287
very_long,hi_IN,cot,no_insertion,time_addition,149,148,0.7297297297297297,0.9979486802940779,0.9980592355075522
very_long,hi_IN,cot,no_insertion,time_duration,149,149,0.785234899328859,0.9972210804704856,0.9971512430939227
very_long,hi_IN,cot,no_insertion,time_subtraction,111,109,0.7706422018348624,0.9982756766793203,0.9986515641855448
very_long,hi_IN,cot,similar_insertion,date_addition,150,150,0.6866666666666666,0.9982542667955795,0.9979529893414273
very_long,hi_IN,cot,similar_insertion,date_duration,150,149,0.8187919463087249,0.9992922771672772,0.9992964902681154
very_long,hi_IN,cot,similar_insertion,date_recurrence,150,147,0.07482993197278912,0.989576125844091,0.9914345379251761
very_long,hi_IN,cot,similar_insertion,date_subtraction,150,150,0.5066666666666667,0.9958466634595404,0.9953008242816423
very_long,hi_IN,cot,similar_insertion,day_of_week,150,141,0.18439716312056736,0.9620689177743219,0.9578222093435075
very_long,hi_IN,cot,similar_insertion,interval_date,150,150,0.16666666666666666,0.998832928079701,0.9985995966838449
very_long,hi_IN,cot,similar_insertion,time_addition,149,149,0.7516778523489933,0.9977986033320225,0.9975247524752475
very_long,hi_IN,cot,similar_insertion,time_duration,149,149,0.6711409395973155,0.9976126522367843,0.9977020298736117
very_long,hi_IN,cot,similar_insertion,time_subtraction,111,111,0.7657657657657657,0.9972929380902242,0.996438671834084
very_long,hi_IN,direct,dissimilar_insertion,date_addition,150,150,0.7933333333333333,,
very_long,hi_IN,direct,dissimilar_insertion,date_duration,150,150,0.6933333333333334,,
very_long,hi_IN,direct,dissimilar_insertion,date_recurrence,150,150,0.0,,
very_long,hi_IN,direct,dissimilar_insertion,date_subtraction,150,150,0.8333333333333334,,
very_long,hi_IN,direct,dissimilar_insertion,day_of_week,150,150,0.14666666666666667,,
very_long,hi_IN,direct,dissimilar_insertion,interval_date,150,150,0.31333333333333335,,
very_long,hi_IN,direct,dissimilar_insertion,time_addition,149,149,0.6308724832214765,,
very_long,hi_IN,direct,dissimilar_insertion,time_duration,149,149,0.26174496644295303,,
very_long,hi_IN,direct,dissimilar_insertion,time_subtraction,111,111,0.45045045045045046,,
very_long,hi_IN,direct,no_insertion,date_addition,150,150,0.7866666666666666,,
very_long,hi_IN,direct,no_insertion,date_duration,150,150,0.72,,
very_long,hi_IN,direct,no_insertion,date_recurrence,150,150,0.0,,
very_long,hi_IN,direct,no_insertion,date_subtraction,150,150,0.8266666666666667,,
very_long,hi_IN,direct,no_insertion,day_of_week,150,150,0.16666666666666666,,
very_long,hi_IN,direct,no_insertion,interval_date,150,150,0.36,,
very_long,hi_IN,direct,no_insertion,time_addition,149,149,0.5771812080536913,,
very_long,hi_IN,direct,no_insertion,time_duration,149,149,0.2483221476510067,,
very_long,hi_IN,direct,no_insertion,time_subtraction,111,111,0.5675675675675675,,
very_long,hi_IN,direct,similar_insertion,date_addition,150,150,0.76,,
very_long,hi_IN,direct,similar_insertion,date_duration,150,150,0.6866666666666666,,
very_long,hi_IN,direct,similar_insertion,date_recurrence,150,150,0.0,,
very_long,hi_IN,direct,similar_insertion,date_subtraction,150,150,0.8,,
very_long,hi_IN,direct,similar_insertion,day_of_week,150,150,0.17333333333333334,,
very_long,hi_IN,direct,similar_insertion,interval_date,150,150,0.38,,
very_long,hi_IN,direct,similar_insertion,time_addition,149,149,0.5973154362416108,,
very_long,hi_IN,direct,similar_insertion,time_duration,149,149,0.35570469798657717,,
very_long,hi_IN,direct,similar_insertion,time_subtraction,111,111,0.5315315315315315,,
