difficulty,condition,insertion,responses,scored,accuracy,cot_ratio_avg,cot_ratio_pooled
short,cot,dissimilar_insertion,1492,1481,0.8041863605671843,0.9963146784258179,0.9963297958371176
short,cot,no_insertion,1492,1469,0.8264125255275698,0.9935922376898361,0.9859477324877036
short,cot,similar_insertion,1492,1461,0.7878165639972622,0.9949674006943007,0.9942619491971514
short,direct,dissimilar_insertion,1492,1492,0.6675603217158177,,
short,direct,no_insertion,1492,1492,0.6621983914209115,,
short,direct,similar_insertion,1492,1488,0.6686827956989247,,
medium,cot,dissimilar_insertion,1498,1472,0.7989130434782609,0.9930635947380472,0.9931046315857203
medium,cot,no_insertion,1498,1468,0.8208446866485014,0.9910400897603308,0.9875791801432218
medium,cot,similar_insertion,1498,1470,0.780952380952381,0.9931525289113249,0.9942337737399645
medium,direct,dissimilar_insertion,1498,1498,0.6114819759679573,,
medium,direct,no_insertion,1498,1498,0.6134846461949266,,
medium,direct,similar_insertion,1498,1498,0.6201602136181575,,
long,cot,dissimilar_insertion,570,570,0.9421052631578948,0.9993050930401292,0.9993722536095417
long,cot,no_insertion,570,570,0.956140350877193,0.9986809559049077,0.998975973299452
long,cot,similar_insertion,570,569,0.9332161687170475,0.9992436277733233,0.999469645491158
long,direct,dissimilar_insertion,570,570,0.9105263157894737,,
long,direct,no_insertion,570,570,0.9,,
long,direct,similar_insertion,570,570,0.9052631578947369,,
very_long,cot,dissimilar_insertion,2618,2565,0.690448343079922,0.9971542543117636,0.99728152386746
very_long,cot,no_insertion,2618,2551,0.6961975695805567,0.9942227326908475,0.9928802738712065
very_long,cot,similar_insertion,2618,2540,0.6799212598425197,0.9964081245515067,0.996475706344521
very_long,direct,dissimilar_insertion,2618,2617,0.4917844860527321,,
very_long,direct,no_insertion,2618,2617,0.5066870462361482,,
very_long,direct,similar_insertion,2618,2608,0.4950153374233129,,
