difficulty,language,insertion,task,responses,scored,accuracy,cot_ratio_avg,cot_ratio_pooled
short,en_US,dissimilar_insertion,date_addition,300,300,0.9866666666666667,1.0,1.0
short,en_US,dissimilar_insertion,date_duration,300,300,0.97,1.0,1.0
short,en_US,dissimilar_insertion,date_recurrence,300,300,0.7,1.0,1.0
short,en_US,dissimilar_insertion,date_subtraction,300,300,0.99,1.0,1.0
short,en_US,dissimilar_insertion,day_of_week,292,282,0.4432624113475177,1.0,1.0
short,en_US,no_insertion,date_addition,300,300,0.99,1.0,1.0
short,en_US,no_insertion,date_duration,300,300,0.9766666666666667,1.0,1.0
short,en_US,no_insertion,date_recurrence,300,300,0.7533333333333333,1.0,1.0
short,en_US,no_insertion,date_subtraction,300,300,0.9833333333333333,1.0,1.0
short,en_US,no_insertion,day_of_week,292,275,0.43272727272727274,1.0,1.0
short,en_US,similar_insertion,date_addition,300,300,0.9933333333333333,1.0,1.0
short,en_US,similar_insertion,date_duration,300,300,0.9733333333333334,1.0,1.0
short,en_US,similar_insertion,date_recurrence,300,280,0.6714285714285714,1.0,1.0
short,en_US,similar_insertion,date_subtraction,300,300,0.9833333333333333,1.0,1.0
short,en_US,similar_insertion,day_of_week,292,284,0.43309859154929575,1.0,1.0
short,hi_IN,dissimilar_insertion,date_addition,300,300,0.98,0.997821255769586,0.9972320637732507
short,hi_IN,dissimilar_insertion,date_duration,300,300,0.9366666666666666,0.9997150014383215,0.9995531325408884
short,hi_IN,dissimilar_insertion,date_recurrence,300,300,0.15,0.9805139739693648,0.979397914564413
short,hi_IN,dissimilar_insertion,date_subtraction,300,300,0.99,0.9990369088961886,0.9988916876574307
short,hi_IN,dissimilar_insertion,day_of_week,292,291,0.17525773195876287,0.9858796520568592,0.984970583873041
short,hi_IN,no_insertion,date_addition,300,300,0.9833333333333333,0.996346172838138,0.9958012596221134
short,hi_IN,no_insertion,date_duration,300,300,0.86,0.9998974358974358,0.999802488643097
short,hi_IN,no_insertion,date_recurrence,300,300,0.22333333333333333,0.9820561440979452,0.9827761751230273
short,hi_IN,no_insertion,date_subtraction,300,300,0.9833333333333333,0.9992410138880725,0.9989024557552476
short,hi_IN,no_insertion,day_of_week,292,286,0.1993006993006993,0.9575924905821686,0.9197175639894086
short,hi_IN,similar_insertion,date_addition,300,300,0.95,0.9985076589155284,0.9982907606115279
short,hi_IN,similar_insertion,date_duration,300,300,0.8933333333333333,0.9991738969156013,0.9987462387161484
short,hi_IN,similar_insertion,date_recurrence,300,298,0.19798657718120805,0.9780117965075732,0.9796363141047469
short,hi_IN,similar_insertion,date_subtraction,300,300,0.9666666666666667,0.997385751544295,0.9955119214586255
short,hi_IN,similar_insertion,day_of_week,292,287,0.1672473867595819,0.9762294263934721,0.965534960543219
medium,en_US,dissimilar_insertion,date_addition,300,300,0.9833333333333333,1.0,1.0
medium,en_US,dissimilar_insertion,date_duration,300,300,0.9633333333333334,1.0,1.0
medium,en_US,dissimilar_insertion,date_recurrence,300,300,0.55,1.0,1.0
medium,en_US,dissimilar_insertion,date_subtraction,300,300,0.95,1.0,1.0
medium,en_US,dissimilar_insertion,day_of_week,298,276,0.37318840579710144,1.0,1.0
medium,en_US,no_insertion,date_addition,300,300,0.9866666666666667,1.0,1.0
medium,en_US,no_insertion,date_duration,300,300,0.9566666666666667,1.0,1.0
medium,en_US,no_insertion,date_recurrence,300,300,0.55,1.0,1.0
medium,en_US,no_insertion,date_subtraction,300,300,0.9833333333333333,1.0,1.0
medium,en_US,no_insertion,day_of_week,298,275,0.38181818181818183,1.0,1.0
medium,en_US,similar_insertion,date_addition,300,300,0.9833333333333333,1.0,1.0
medium,en_US,similar_insertion,date_duration,300,300,0.9566666666666667,1.0,1.0
medium,en_US,similar_insertion,date_recurrence,300,292,0.5684931506849316,1.0,1.0
medium,en_US,similar_insertion,date_subtraction,300,300,0.9633333333333334,1.0,1.0
medium,en_US,similar_insertion,day_of_week,298,280,0.4107142857142857,1.0,1.0
medium,hi_IN,dissimilar_insertion,date_addition,300,300,0.93,0.9975189292310963,0.9969458128078817
medium,hi_IN,dissimilar_insertion,date_duration,300,300,0.8733333333333333,0.999057427684715,0.9987807165634965
medium,hi_IN,dissimilar_insertion,date_recurrence,300,300,0.25666666666666665,0.9703325611015926,0.9710571498650968
medium,hi_IN,dissimilar_insertion,date_subtraction,300,300,0.9066666666666666,0.9988549791061484,0.9984483388097846
medium,hi_IN,dissimilar_insertion,day_of_week,298,294,0.22108843537414966,0.9647293983158436,0.9650271029913672
medium,hi_IN,no_insertion,date_addition,300,300,0.95,0.9959131905191273,0.9954241071428571
medium,hi_IN,no_insertion,date_duration,300,300,0.91,0.9994223394360993,0.9995027349577325
medium,hi_IN,no_insertion,date_recurrence,300,300,0.24666666666666667,0.9756126502108615,0.9755880688707461
medium,hi_IN,no_insertion,date_subtraction,300,300,0.9266666666666666,0.9969323965447586,0.9966033463328721
medium,hi_IN,no_insertion,day_of_week,298,291,0.2268041237113402,0.9422548184855567,0.9300899286772559
medium,hi_IN,similar_insertion,date_addition,300,300,0.9466666666666667,0.9977311825569677,0.997302001740644
medium,hi_IN,similar_insertion,date_duration,300,300,0.8833333333333333,0.9996957196303388,0.9994752492566031
medium,hi_IN,similar_insertion,date_recurrence,300,300,0.21333333333333335,0.9667565820512891,0.9672045420588675
medium,hi_IN,similar_insertion,date_subtraction,300,299,0.9063545150501672,0.9976147984848043,0.9963128579273555
medium,hi_IN,similar_insertion,day_of_week,298,297,0.13804713804713806,0.9696157442996969,0.9681022083086556
long,en_US,dissimilar_insertion,date_addition,300,300,0.9666666666666667,1.0,1.0
long,en_US,dissimilar_insertion,date_duration,270,270,0.9555555555555556,1.0,1.0
long,en_US,no_insertion,date_addition,300,300,0.96,1.0,1.0
long,en_US,no_insertion,date_duration,270,270,0.9444444444444444,1.0,1.0
long,en_US,similar_insertion,date_addition,300,300,0.9733333333333334,1.0,1.0
long,en_US,similar_insertion,date_duration,270,270,0.9407407407407408,1.0,1.0
long,hi_IN,dissimilar_insertion,date_addition,300,300,0.8966666666666666,0.9977396144952518,0.997215777262181
long,hi_IN,dissimilar_insertion,date_duration,270,270,0.8851851851851852,0.9995774878413769,0.999599278701663
long,hi_IN,no_insertion,date_addition,300,300,0.8866666666666667,0.99602176720218,0.995726080621661
long,hi_IN,no_insertion,date_duration,270,270,0.9222222222222223,0.9988509613738533,0.9988790494339199
long,hi_IN,similar_insertion,date_addition,300,300,0.8933333333333333,0.9974108021093597,0.9977331606217616
long,hi_IN,similar_insertion,date_duration,270,269,0.8661710037174721,0.99968331492141,0.9996860775388479
very_long,en_US,dissimilar_insertion,date_addition,300,300,0.8966666666666666,1.0,1.0
very_long,en_US,dissimilar_insertion,date_duration,300,300,0.8966666666666666,1.0,1.0
very_long,en_US,dissimilar_insertion,date_recurrence,300,292,0.4828767123287671,1.0,1.0
very_long,en_US,dissimilar_insertion,date_subtraction,300,300,0.8866666666666667,1.0,1.0
very_long,en_US,dissimilar_insertion,day_of_week,300,270,0.3814814814814815,1.0,1.0
very_long,en_US,dissimilar_insertion,interval_date,300,295,0.3694915254237288,1.0,1.0
very_long,en_US,dissimilar_insertion,time_addition,298,298,0.7248322147651006,1.0,1.0
very_long,en_US,dissimilar_insertion,time_duration,298,298,0.8322147651006712,1.0,1.0
very_long,en_US,dissimilar_insertion,time_subtraction,222,222,0.7162162162162162,1.0,1.0
very_long,en_US,no_insertion,date_addition,300,300,0.8966666666666666,1.0,1.0
very_long,en_US,no_insertion,date_duration,300,300,0.87,1.0,1.0
very_long,en_US,no_insertion,date_recurrence,300,296,0.49324324324324326,1.0,1.0
very_long,en_US,no_insertion,date_subtraction,300,300,0.9233333333333333,1.0,1.0
very_long,en_US,no_insertion,day_of_week,300,262,0.37786259541984735,1.0,1.0
very_long,en_US,no_insertion,interval_date,300,293,0.3447098976109215,1.0,1.0
very_long,en_US,no_insertion,time_addition,298,295,0.8135593220338984,1.0,1.0
very_long,en_US,no_insertion,time_duration,298,298,0.7986577181208053,1.0,1.0
very_long,en_US,no_insertion,time_subtraction,222,222,0.7477477477477478,1.0,1.0
very_long,en_US,similar_insertion,date_addition,300,300,0.9166666666666666,1.0,1.0
very_long,en_US,similar_insertion,date_duration,300,300,0.8766666666666667,1.0,1.0
very_long,en_US,similar_insertion,date_recurrence,300,260,0.4153846153846154,1.0,1.0
very_long,en_US,similar_insertion,date_subtraction,300,300,0.8666666666666667,1.0,1.0
very_long,en_US,similar_insertion,day_of_week,300,272,0.36764705882352944,1.0,1.0
very_long,en_US,similar_insertion,interval_date,300,294,0.3741496598639456,1.0,1.0
very_long,en_US,similar_insertion,time_addition,298,297,0.7811447811447811,1.0,1.0
very_long,en_US,similar_insertion,time_duration,298,298,0.7483221476510067,1.0,1.0
very_long,en_US,similar_insertion,time_subtraction,222,222,0.7477477477477478,1.0,1.0
very_long,hi_IN,dissimilar_insertion,date_addition,300,300,0.77,0.9974676173474243,0.9972431077694236
very_long,hi_IN,dissimilar_insertion,date_duration,300,300,0.78,0.9988352221378295,0.9986562751948401
very_long,hi_IN,dissimilar_insertion,date_recurrence,300,300,0.02666666666666667,0.9928093287100862,0.9933884297520661
very_long,hi_IN,dissimilar_insertion,date_subtraction,300,299,0.68561872909699,0.9985417816014236,0.9985256173977147
very_long,hi_IN,dissimilar_insertion,day_of_week,300,295,0.1864406779661017,0.9711613346838306,0.972958781832502
very_long,hi_IN,dissimilar_insertion,interval_date,300,298,0.24161073825503357,0.9978018944230973,0.9978954752718344
very_long,hi_IN,dissimilar_insertion,time_addition,298,298,0.6778523489932886,0.9978965742698926,0.9976058226393412
very_long,hi_IN,dissimilar_insertion,time_duration,298,297,0.49158249158249157,0.9971194463680411,0.9931084512150888
very_long,hi_IN,dissimilar_insertion,time_subtraction,222,220,0.5681818181818182,0.9981970619602792,0.9982353487508127
very_long,hi_IN,no_insertion,date_addition,300,300,0.7566666666666667,0.9958942983268771,0.9955317247542449
very_long,hi_IN,no_insertion,date_duration,300,298,0.802013422818792,0.9996942390044622,0.999635009854734
very_long,hi_IN,no_insertion,date_recurrence,300,299,0.033444816053511704,0.991300095368487,0.9919089002097693
very_long,hi_IN,no_insertion,date_subtraction,300,299,0.6521739130434783,0.9991736438383684,0.9992096735951949
very_long,hi_IN,no_insertion,day_of_week,300,292,0.18835616438356165,0.9214178453128117,0.9177822024812375
very_long,hi_IN,no_insertion,interval_date,300,299,0.2809364548494983,0.9977613429444214,0.9978139801176287
very_long,hi_IN,no_insertion,time_addition,298,297,0.6531986531986532,0.9979486802940779,0.9980592355075522
very_long,hi_IN,no_insertion,time_duration,298,298,0.5167785234899329,0.9972210804704856,0.9971512430939227
very_long,hi_IN,no_insertion,time_subtraction,222,220,0.6681818181818182,0.9982756766793203,0.9986515641855448
very_long,hi_IN,similar_insertion,date_addition,300,300,0.7233333333333334,0.9982542667955795,0.9979529893414273
very_long,hi_IN,similar_insertion,date_duration,300,299,0.7525083612040134,0.9992922771672772,0.9992964902681154
very_long,hi_IN,similar_insertion,date_recurrence,300,297,0.037037037037037035,0.989576125844091,0.9914345379251761
very_long,hi_IN,similar_insertion,date_subtraction,300,300,0.6533333333333333,0.9958466634595404,0.9953008242816423
very_long,hi_IN,similar_insertion,day_of_week,300,291,0.17869415807560138,0.9620689177743219,0.9578222093435075
very_long,hi_IN,similar_insertion,interval_date,300,300,0.2733333333333333,0.998832928079701,0.9985995966838449
very_long,hi_IN,similar_insertion,time_addition,298,298,0.674496644295302,0.9977986033320225,0.9975247524752475
very_long,hi_IN,similar_insertion,time_duration,298,298,0.5134228187919463,0.9976126522367843,0.9977020298736117
very_long,hi_IN,similar_insertion,time_subtraction,222,222,0.6486486486486487,0.9972929380902242,0.996438671834084
