difficulty,language,condition,task,responses,scored,accuracy,cot_ratio_avg,cot_ratio_pooled
short,en_US,cot,date_addition,450,450,1.0,1.0,1.0
short,en_US,cot,date_duration,450,450,0.9866666666666667,1.0,1.0
short,en_US,cot,date_recurrence,450,434,0.9608294930875576,1.0,1.0
short,en_US,cot,date_subtraction,450,450,0.9888888888888889,1.0,1.0
short,en_US,cot,day_of_week,438,403,0.7568238213399504,1.0,1.0
short,en_US,direct,date_addition,450,450,0.98,,
short,en_US,direct,date_duration,450,450,0.96,,
short,en_US,direct,date_recurrence,450,446,0.4641255605381166,,
short,en_US,direct,date_subtraction,450,450,0.9822222222222222,,
short,en_US,direct,day_of_week,438,438,0.1415525114155251,,
short,hi_IN,cot,date_addition,450,450,0.98,0.9975583625077505,0.9972667365583345
short,hi_IN,cot,date_duration,450,450,0.8755555555555555,0.9995954447504531,0.999338922443583
short,hi_IN,cot,date_recurrence,450,448,0.28348214285714285,0.9801939715249611,0.9805270978337374
short,hi_IN,cot,date_subtraction,450,450,0.9733333333333334,0.9985545581095189,0.9975993407144649
short,hi_IN,cot,day_of_week,438,426,0.22300469483568075,0.9732338563441665,0.9535997466918216
short,hi_IN,direct,date_addition,450,450,0.9622222222222222,,
short,hi_IN,direct,date_duration,450,450,0.9177777777777778,,
short,hi_IN,direct,date_recurrence,450,450,0.09777777777777778,,
short,hi_IN,direct,date_subtraction,450,450,0.9866666666666667,,
short,hi_IN,direct,day_of_week,438,438,0.13926940639269406,,
medium,en_US,cot,date_addition,450,450,0.9977777777777778,1.0,1.0
medium,en_US,cot,date_duration,450,450,0.9888888888888889,1.0,1.0
medium,en_US,cot,date_recurrence,450,442,0.9660633484162896,1.0,1.0
medium,en_US,cot,date_subtraction,450,450,0.98,1.0,1.0
medium,en_US,cot,day_of_week,447,384,0.7083333333333334,1.0,1.0
medium,en_US,direct,date_addition,450,450,0.9711111111111111,,
medium,en_US,direct,date_duration,450,450,0.9288888888888889,,
medium,en_US,direct,date_recurrence,450,450,0.15333333333333332,,
medium,en_US,direct,date_subtraction,450,450,0.9511111111111111,,
medium,en_US,direct,day_of_week,447,447,0.11409395973154363,,
medium,hi_IN,cot,date_addition,450,450,0.9333333333333333,0.9970544341023969,0.9966339869281046
medium,hi_IN,cot,date_duration,450,450,0.8777777777777778,0.9993918289170509,0.9992535224409816
medium,hi_IN,cot,date_recurrence,450,450,0.4311111111111111,0.9709005977879156,0.9711751079288197
medium,hi_IN,cot,date_subtraction,450,449,0.8663697104677061,0.9978007247119042,0.9971249842032099
medium,hi_IN,cot,day_of_week,447,435,0.22298850574712645,0.9588666537003658,0.9528917309130289
medium,hi_IN,direct,date_addition,450,450,0.9511111111111111,,
medium,hi_IN,direct,date_duration,450,450,0.9,,
medium,hi_IN,direct,date_recurrence,450,450,0.04666666666666667,,
medium,hi_IN,direct,date_subtraction,450,450,0.96,,
medium,hi_IN,direct,day_of_week,447,447,0.16778523489932887,,
long,en_US,cot,date_addition,450,450,0.9911111111111112,1.0,1.0
long,en_US,cot,date_duration,405,405,0.9925925925925926,1.0,1.0
long,en_US,direct,date_addition,450,450,0.9422222222222222,,
long,en_US,direct,date_duration,405,405,0.9012345679012346,,
long,hi_IN,cot,date_addition,450,450,0.8977777777777778,0.9970573946022634,0.9969481180061037
long,hi_IN,cot,date_duration,405,404,0.8935643564356436,0.9993705880455469,0.9994311897614157
long,hi_IN,direct,date_addition,450,450,0.8866666666666667,,
long,hi_IN,direct,date_duration,405,405,0.8888888888888888,,
very_long,en_US,cot,date_addition,450,450,0.9511111111111111,1.0,1.0
very_long,en_US,cot,date_duration,450,450,0.9955555555555555,1.0,1.0
very_long,en_US,cot,date_recurrence,450,410,0.8390243902439024,1.0,1.0
very_long,en_US,cot,date_subtraction,450,450,0.9088888888888889,1.0,1.0
very_long,en_US,cot,day_of_week,450,354,0.6412429378531074,1.0,1.0
very_long,en_US,cot,interval_date,450,432,0.4305555555555556,1.0,1.0
very_long,en_US,cot,time_addition,447,443,0.9706546275395034,1.0,1.0
very_long,en_US,cot,time_duration,447,447,0.9977628635346756,1.0,1.0
very_long,en_US,cot,time_subtraction,333,333,0.984984984984985,1.0,1.0
very_long,en_US,direct,date_addition,450,450,0.8555555555555555,,
very_long,en_US,direct,date_duration,450,450,0.7666666666666667,,
very_long,en_US,direct,date_recurrence,450,438,0.11643835616438356,,
very_long,en_US,direct,date_subtraction,450,450,0.8755555555555555,,
very_long,en_US,direct,day_of_week,450,450,0.16666666666666666,,
very_long,en_US,direct,interval_date,450,450,0.29777777777777775,,
very_long,en_US,direct,time_addition,447,447,0.5771812080536913,,
very_long,en_US,direct,time_duration,447,447,0.5883668903803132,,
very_long,en_US,direct,time_subtraction,333,333,0.4894894894894895,,
very_long,hi_IN,cot,date_addition,450,450,0.72,0.9972053941566269,0.9969994909850778
very_long,hi_IN,cot,date_duration,450,447,0.8568232662192393,0.9992739127698563,0.9992298499535254
very_long,hi_IN,cot,date_recurrence,450,446,0.06502242152466367,0.9912285166408888,0.9922099578143083
very_long,hi_IN,cot,date_subtraction,450,448,0.5066964285714286,0.997854029633111,0.997678512206944
very_long,hi_IN,cot,day_of_week,450,428,0.20794392523364486,0.9515493659236547,0.9478238737592263
very_long,hi_IN,cot,interval_date,450,447,0.1789709172259508,0.9981320551490735,0.998079267783475
very_long,hi_IN,cot,time_addition,447,446,0.7354260089686099,0.9978812859653308,0.9977263157894737
very_long,hi_IN,cot,time_duration,447,446,0.726457399103139,0.9973177263584373,0.996003411721701
very_long,hi_IN,cot,time_subtraction,333,329,0.7416413373860182,0.9979218922432744,0.9978370125326038
very_long,hi_IN,direct,date_addition,450,450,0.78,,
very_long,hi_IN,direct,date_duration,450,450,0.7,,
very_long,hi_IN,direct,date_recurrence,450,450,0.0,,
very_long,hi_IN,direct,date_subtraction,450,450,0.82,,
very_long,hi_IN,direct,day_of_week,450,450,0.1622222222222222,,
very_long,hi_IN,direct,interval_date,450,450,0.3511111111111111,,
very_long,hi_IN,direct,time_addition,447,447,0.6017897091722595,,
very_long,hi_IN,direct,time_duration,447,447,0.28859060402684567,,
very_long,hi_IN,direct,time_subtraction,333,333,0.5165165165165165,,
