insertion,task,responses,scored,accuracy,cot_ratio_avg,cot_ratio_pooled
dissimilar_insertion,date_addition,2400,2400,0.92625,0.9988184271054197,0.9985727821154008
dissimilar_insertion,date_duration,2340,2340,0.9072649572649573,0.99964453722027,0.9996988074402703
dissimilar_insertion,date_recurrence,1800,1792,0.36049107142857145,0.9906093106301744,0.9944781212653525
dissimilar_insertion,date_subtraction,1800,1799,0.9016120066703724,0.9994056116006268,0.9993073892905069
dissimilar_insertion,day_of_week,1780,1708,0.2939110070257611,0.9869183255639746,0.992795586156582
dissimilar_insertion,interval_date,600,593,0.30522765598650925,0.9989009472115487,0.9993623042074637
dissimilar_insertion,time_addition,596,596,0.7013422818791947,0.9989482871349462,0.9988985328457506
dissimilar_insertion,time_duration,596,595,0.6621848739495798,0.9985597231840204,0.9963718301252673
dissimilar_insertion,time_subtraction,444,442,0.6425339366515838,0.9990985309801397,0.9990726731416858
no_insertion,date_addition,2400,2400,0.92625,0.9980219286107906,0.9978528764948534
no_insertion,date_duration,2340,2338,0.9046193327630453,0.9997410102018549,0.9998377102390086
no_insertion,date_recurrence,1800,1795,0.3832869080779944,0.991494814946216,0.9945981584290455
no_insertion,date_subtraction,1800,1799,0.9088382434685937,0.9992245090452003,0.999278961704855
no_insertion,day_of_week,1780,1681,0.29803688280785245,0.9701316273890631,0.977139772281115
no_insertion,interval_date,600,592,0.3125,0.9988806714722109,0.9994241132028904
no_insertion,time_addition,596,592,0.7331081081081081,0.9989743401470389,0.9990788946736083
no_insertion,time_duration,596,596,0.6577181208053692,0.998610540235243,0.9986164682206943
no_insertion,time_subtraction,444,442,0.7081447963800905,0.99913783833966,0.9993192030136613
similar_insertion,date_addition,2400,2400,0.9225,0.9989879887971794,0.9988893080179387
similar_insertion,date_duration,2340,2338,0.8926432848588537,0.9997278047618574,0.9997598191579542
similar_insertion,date_recurrence,1800,1727,0.34510712217718587,0.9890574174004928,0.9959712230215827
similar_insertion,date_subtraction,1800,1799,0.8899388549193996,0.9984745355814403,0.9979968154502029
similar_insertion,day_of_week,1780,1711,0.2799532437171245,0.9846208762025285,0.989206654997538
similar_insertion,interval_date,600,594,0.32323232323232326,0.9994164640398505,0.9996371342313052
similar_insertion,time_addition,596,595,0.7277310924369748,0.9988993016660113,0.9993336294980009
similar_insertion,time_duration,596,596,0.6308724832214765,0.9988063261183924,0.9987627165246082
similar_insertion,time_subtraction,444,444,0.6981981981981982,0.9986464690451121,0.9989566391505815
