language,condition,insertion,task,responses,scored,accuracy,cot_ratio_avg,cot_ratio_pooled
en_US,cot,dissimilar_insertion,date_addition,600,600,0.985,1.0,1.0
en_US,cot,dissimilar_insertion,date_duration,585,585,0.9982905982905983,1.0,1.0
en_US,cot,dissimilar_insertion,date_recurrence,450,443,0.9255079006772009,1.0,1.0
en_US,cot,dissimilar_insertion,date_subtraction,450,450,0.9488888888888889,1.0,1.0
en_US,cot,dissimilar_insertion,day_of_week,445,383,0.6971279373368147,1.0,1.0
en_US,cot,dissimilar_insertion,interval_date,150,145,0.46206896551724136,1.0,1.0
en_US,cot,dissimilar_insertion,time_addition,149,149,0.9731543624161074,1.0,1.0
en_US,cot,dissimilar_insertion,time_duration,149,149,0.9932885906040269,1.0,1.0
en_US,cot,dissimilar_insertion,time_subtraction,111,111,0.990990990990991,1.0,1.0
en_US,cot,no_insertion,date_addition,600,600,0.98,1.0,1.0
en_US,cot,no_insertion,date_duration,585,585,0.9897435897435898,1.0,1.0
en_US,cot,no_insertion,date_recurrence,450,447,0.9552572706935123,1.0,1.0
en_US,cot,no_insertion,date_subtraction,450,450,0.9733333333333334,1.0,1.0
en_US,cot,no_insertion,day_of_week,445,367,0.7057220708446866,1.0,1.0
en_US,cot,no_insertion,interval_date,150,143,0.38461538461538464,1.0,1.0
en_US,cot,no_insertion,time_addition,149,146,0.9657534246575342,1.0,1.0
en_US,cot,no_insertion,time_duration,149,149,1.0,1.0,1.0
en_US,cot,no_insertion,time_subtraction,111,111,0.9819819819819819,1.0,1.0
en_US,cot,similar_insertion,date_addition,600,600,0.99,1.0,1.0
en_US,cot,similar_insertion,date_duration,585,585,0.9846153846153847,1.0,1.0
en_US,cot,similar_insertion,date_recurrence,450,396,0.8863636363636364,1.0,1.0
en_US,cot,similar_insertion,date_subtraction,450,450,0.9555555555555556,1.0,1.0
en_US,cot,similar_insertion,day_of_week,445,391,0.710997442455243,1.0,1.0
en_US,cot,similar_insertion,interval_date,150,144,0.4444444444444444,1.0,1.0
en_US,cot,similar_insertion,time_addition,149,148,0.972972972972973,1.0,1.0
en_US,cot,similar_insertion,time_duration,149,149,1.0,1.0,1.0
en_US,cot,similar_insertion,time_subtraction,111,111,0.9819819819819819,1.0,1.0
en_US,direct,dissimilar_insertion,date_addition,600,600,0.9316666666666666,,
en_US,direct,dissimilar_insertion,date_duration,585,585,0.8940170940170941,,
en_US,direct,dissimilar_insertion,date_recurrence,450,449,0.23608017817371937,,
en_US,direct,dissimilar_insertion,date_subtraction,450,450,0.9355555555555556,,
en_US,direct,dissimilar_insertion,day_of_week,445,445,0.14382022471910114,,
en_US,direct,dissimilar_insertion,interval_date,150,150,0.28,,
en_US,direct,dissimilar_insertion,time_addition,149,149,0.47651006711409394,,
en_US,direct,dissimilar_insertion,time_duration,149,149,0.6711409395973155,,
en_US,direct,dissimilar_insertion,time_subtraction,111,111,0.44144144144144143,,
en_US,direct,no_insertion,date_addition,600,600,0.9366666666666666,,
en_US,direct,no_insertion,date_duration,585,585,0.8837606837606837,,
en_US,direct,no_insertion,date_recurrence,450,449,0.24498886414253898,,
en_US,direct,no_insertion,date_subtraction,450,450,0.9533333333333334,,
en_US,direct,no_insertion,day_of_week,445,445,0.14382022471910114,,
en_US,direct,no_insertion,interval_date,150,150,0.30666666666666664,,
en_US,direct,no_insertion,time_addition,149,149,0.6644295302013423,,
en_US,direct,no_insertion,time_duration,149,149,0.5973154362416108,,
en_US,direct,no_insertion,time_subtraction,111,111,0.5135135135135135,,
en_US,direct,similar_insertion,date_addition,600,600,0.9433333333333334,,
en_US,direct,similar_insertion,date_duration,585,585,0.8888888888888888,,
en_US,direct,similar_insertion,date_recurrence,450,436,0.2545871559633027,,
en_US,direct,similar_insertion,date_subtraction,450,450,0.92,,
en_US,direct,similar_insertion,day_of_week,445,445,0.1348314606741573,,
en_US,direct,similar_insertion,interval_date,150,150,0.30666666666666664,,
en_US,direct,similar_insertion,time_addition,149,149,0.5906040268456376,,
en_US,direct,similar_insertion,time_duration,149,149,0.4966442953020134,,
en_US,direct,similar_insertion,time_subtraction,111,111,0.5135135135135135,,
hi_IN,cot,dissimilar_insertion,date_addition,600,600,0.8883333333333333,0.9976368542108393,0.9971617334891597
hi_IN,cot,dissimilar_insertion,date_duration,585,585,0.8666666666666667,0.9992890744405398,0.9991394548330077
hi_IN,cot,dissimilar_insertion,date_recurrence,450,450,0.24,0.9812186212603482,0.9845153735893243
hi_IN,cot,dissimilar_insertion,date_subtraction,450,449,0.7951002227171492,0.9988112232012535,0.9986065145445044
hi_IN,cot,dissimilar_insertion,day_of_week,445,435,0.24367816091954023,0.9738366511279479,0.9735914757295077
hi_IN,cot,dissimilar_insertion,interval_date,150,148,0.16891891891891891,0.9978018944230973,0.9978954752718344
hi_IN,cot,dissimilar_insertion,time_addition,149,149,0.7248322147651006,0.9978965742698926,0.9976058226393412
hi_IN,cot,dissimilar_insertion,time_duration,149,148,0.722972972972973,0.9971194463680411,0.9931084512150888
hi_IN,cot,dissimilar_insertion,time_subtraction,111,109,0.6880733944954128,0.9981970619602792,0.9982353487508127
hi_IN,cot,no_insertion,date_addition,600,600,0.89,0.9960438572215806,0.9956105347166799
hi_IN,cot,no_insertion,date_duration,585,583,0.9176672384219554,0.9994820204037093,0.9994859933179131
hi_IN,cot,no_insertion,date_recurrence,450,449,0.29398663697104677,0.9829896298924325,0.9858218787485498
hi_IN,cot,no_insertion,date_subtraction,450,449,0.779510022271715,0.9984490180903999,0.9983865763149403
hi_IN,cot,no_insertion,day_of_week,445,424,0.24764150943396226,0.9402632547781264,0.9223606280488482
hi_IN,cot,no_insertion,interval_date,150,149,0.20134228187919462,0.9977613429444214,0.9978139801176287
hi_IN,cot,no_insertion,time_addition,149,148,0.7297297297297297,0.9979486802940779,0.9980592355075522
hi_IN,cot,no_insertion,time_duration,149,149,0.785234899328859,0.9972210804704856,0.9971512430939227
hi_IN,cot,no_insertion,time_subtraction,111,109,0.7706422018348624,0.9982756766793203,0.9986515641855448
hi_IN,cot,similar_insertion,date_addition,600,600,0.87,0.9979759775943592,0.9978162340337866
hi_IN,cot,similar_insertion,date_duration,585,583,0.8421955403087479,0.9994556095237146,0.9993051723785584
hi_IN,cot,similar_insertion,date_recurrence,450,445,0.24719101123595505,0.978114834800985,0.9826000497141437
hi_IN,cot,similar_insertion,date_subtraction,450,449,0.7728285077951003,0.9969490711628801,0.9957169920105428
hi_IN,cot,similar_insertion,day_of_week,445,430,0.16279069767441862,0.9692417524050563,0.9633521271143004
hi_IN,cot,similar_insertion,interval_date,150,150,0.16666666666666666,0.998832928079701,0.9985995966838449
hi_IN,cot,similar_insertion,time_addition,149,149,0.7516778523489933,0.9977986033320225,0.9975247524752475
hi_IN,cot,similar_insertion,time_duration,149,149,0.6711409395973155,0.9976126522367843,0.9977020298736117
hi_IN,cot,similar_insertion,time_subtraction,111,111,0.7657657657657657,0.9972929380902242,0.996438671834084
hi_IN,direct,dissimilar_insertion,date_addition,600,600,0.9,,
hi_IN,direct,dissimilar_insertion,date_duration,585,585,0.8700854700854701,,
hi_IN,direct,dissimilar_insertion,date_recurrence,450,450,0.04888888888888889,,
hi_IN,direct,dissimilar_insertion,date_subtraction,450,450,0.9266666666666666,,
hi_IN,direct,dissimilar_insertion,day_of_week,445,445,0.14606741573033707,,
hi_IN,direct,dissimilar_insertion,interval_date,150,150,0.31333333333333335,,
hi_IN,direct,dissimilar_insertion,time_addition,149,149,0.6308724832214765,,
hi_IN,direct,dissimilar_insertion,time_duration,149,149,0.26174496644295303,,
hi_IN,direct,dissimilar_insertion,time_subtraction,111,111,0.45045045045045046,,
hi_IN,direct,no_insertion,date_addition,600,600,0.8983333333333333,,
hi_IN,direct,no_insertion,date_duration,585,585,0.8273504273504273,,
hi_IN,direct,no_insertion,date_recurrence,450,450,0.042222222222222223,,
hi_IN,direct,no_insertion,date_subtraction,450,450,0.9288888888888889,,
hi_IN,direct,no_insertion,day_of_week,445,445,0.16404494382022472,,
hi_IN,direct,no_insertion,interval_date,150,150,0.36,,
hi_IN,direct,no_insertion,time_addition,149,149,0.5771812080536913,,
hi_IN,direct,no_insertion,time_duration,149,149,0.2483221476510067,,
hi_IN,direct,no_insertion,time_subtraction,111,111,0.5675675675675675,,
hi_IN,direct,similar_insertion,date_addition,600,600,0.8866666666666667,,
hi_IN,direct,similar_insertion,date_duration,585,585,0.8547008547008547,,
hi_IN,direct,similar_insertion,date_recurrence,450,450,0.05333333333333334,,
hi_IN,direct,similar_insertion,date_subtraction,450,450,0.9111111111111111,,
hi_IN,direct,similar_insertion,day_of_week,445,445,0.15955056179775282,,
hi_IN,direct,similar_insertion,interval_date,150,150,0.38,,
hi_IN,direct,similar_insertion,time_addition,149,149,0.5973154362416108,,
hi_IN,direct,similar_insertion,time_duration,149,149,0.35570469798657717,,
hi_IN,direct,similar_insertion,time_subtraction,111,111,0.5315315315315315,,
