language,task,responses,scored,accuracy,cot_ratio_avg,cot_ratio_pooled
en_US,date_addition,3600,3600,0.9611111111111111,1.0,1.0
en_US,date_duration,3510,3510,0.9398860398860399,1.0,1.0
en_US,date_recurrence,2700,2620,0.5782442748091603,1.0,1.0
en_US,date_subtraction,2700,2700,0.9477777777777778,1.0,1.0
en_US,day_of_week,2670,2476,0.40064620355411956,1.0,1.0
en_US,interval_date,900,882,0.36281179138321995,1.0,1.0
en_US,time_addition,894,890,0.7730337078651686,1.0,1.0
en_US,time_duration,894,894,0.7930648769574944,1.0,1.0
en_US,time_subtraction,666,666,0.7372372372372372,1.0,1.0
hi_IN,date_addition,3600,3600,0.8888888888888888,0.9972188963422602,0.9969544812075872
hi_IN,date_duration,3510,3506,0.863091842555619,0.9994089014559878,0.9993097305722556
hi_IN,date_recurrence,2700,2694,0.1540460282108389,0.9807743619845889,0.9842509635755673
hi_IN,date_subtraction,2700,2697,0.8524286243974787,0.9980697708181783,0.9974787363304982
hi_IN,day_of_week,2670,2624,0.18673780487804878,0.9611138861037107,0.9512329216756247
hi_IN,interval_date,900,897,0.2653288740245262,0.9981320551490735,0.998079267783475
hi_IN,time_addition,894,893,0.6685330347144457,0.9978812859653308,0.9977263157894737
hi_IN,time_duration,894,893,0.5072788353863382,0.9973177263584373,0.996003411721701
hi_IN,time_subtraction,666,662,0.6283987915407855,0.9979218922432744,0.9978370125326038
