language,condition,task,responses,scored,accuracy,cot_ratio_avg,cot_ratio_pooled
en_US,cot,date_addition,1800,1800,0.985,1.0,1.0
en_US,cot,date_duration,1755,1755,0.9908831908831909,1.0,1.0
en_US,cot,date_recurrence,1350,1286,0.9237947122861586,1.0,1.0
en_US,cot,date_subtraction,1350,1350,0.9592592592592593,1.0,1.0
en_US,cot,day_of_week,1335,1141,0.7046450482033304,1.0,1.0
en_US,cot,interval_date,450,432,0.4305555555555556,1.0,1.0
en_US,cot,time_addition,447,443,0.9706546275395034,1.0,1.0
en_US,cot,time_duration,447,447,0.9977628635346756,1.0,1.0
en_US,cot,time_subtraction,333,333,0.984984984984985,1.0,1.0
en_US,direct,date_addition,1800,1800,0.9372222222222222,,
en_US,direct,date_duration,1755,1755,0.8888888888888888,,
en_US,direct,date_recurrence,1350,1334,0.24512743628185907,,
en_US,direct,date_subtraction,1350,1350,0.9362962962962963,,
en_US,direct,day_of_week,1335,1335,0.14082397003745317,,
en_US,direct,interval_date,450,450,0.29777777777777775,,
en_US,direct,time_addition,447,447,0.5771812080536913,,
en_US,direct,time_duration,447,447,0.5883668903803132,,
en_US,direct,time_subtraction,333,333,0.4894894894894895,,
hi_IN,cot,date_addition,1800,1800,0.8827777777777778,0.9972188963422602,0.9969544812075872
hi_IN,cot,date_duration,1755,1751,0.8754997144488863,0.9994089014559878,0.9993097305722556
hi_IN,cot,date_recurrence,1350,1344,0.2604166666666667,0.9807743619845889,0.9842509635755673
hi_IN,cot,date_subtraction,1350,1347,0.7824795842613215,0.9980697708181783,0.9974787363304982
hi_IN,cot,day_of_week,1335,1289,0.21799844840961985,0.9611138861037107,0.9512329216756247
hi_IN,cot,interval_date,450,447,0.1789709172259508,0.9981320551490735,0.998079267783475
hi_IN,cot,time_addition,447,446,0.7354260089686099,0.9978812859653308,0.9977263157894737
hi_IN,cot,time_duration,447,446,0.726457399103139,0.9973177263584373,0.996003411721701
hi_IN,cot,time_subtraction,333,329,0.7416413373860182,0.9979218922432744,0.9978370125326038
hi_IN,direct,date_addition,1800,1800,0.895,,
hi_IN,direct,date_duration,1755,1755,0.8507122507122508,,
hi_IN,direct,date_recurrence,1350,1350,0.04814814814814815,,
hi_IN,direct,date_subtraction,1350,1350,0.9222222222222223,,
hi_IN,direct,day_of_week,1335,1335,0.15655430711610488,,
hi_IN,direct,interval_date,450,450,0.3511111111111111,,
hi_IN,direct,time_addition,447,447,0.6017897091722595,,
hi_IN,direct,time_duration,447,447,0.28859060402684567,,
hi_IN,direct,time_subtraction,333,333,0.5165165165165165,,
