language,insertion,task,responses,scored,accuracy,cot_ratio_avg,cot_ratio_pooled
en_US,dissimilar_insertion,date_addition,1200,1200,0.9583333333333334,1.0,1.0
en_US,dissimilar_insertion,date_duration,1170,1170,0.9461538461538461,1.0,1.0
en_US,dissimilar_insertion,date_recurrence,900,892,0.57847533632287,1.0,1.0
en_US,dissimilar_insertion,date_subtraction,900,900,0.9422222222222222,1.0,1.0
en_US,dissimilar_insertion,day_of_week,890,828,0.3997584541062802,1.0,1.0
en_US,dissimilar_insertion,interval_date,300,295,0.3694915254237288,1.0,1.0
en_US,dissimilar_insertion,time_addition,298,298,0.7248322147651006,1.0,1.0
en_US,dissimilar_insertion,time_duration,298,298,0.8322147651006712,1.0,1.0
en_US,dissimilar_insertion,time_subtraction,222,222,0.7162162162162162,1.0,1.0
en_US,no_insertion,date_addition,1200,1200,0.9583333333333334,1.0,1.0
en_US,no_insertion,date_duration,1170,1170,0.9367521367521368,1.0,1.0
en_US,no_insertion,date_recurrence,900,896,0.5993303571428571,1.0,1.0
en_US,no_insertion,date_subtraction,900,900,0.9633333333333334,1.0,1.0
en_US,no_insertion,day_of_week,890,812,0.3977832512315271,1.0,1.0
en_US,no_insertion,interval_date,300,293,0.3447098976109215,1.0,1.0
en_US,no_insertion,time_addition,298,295,0.8135593220338984,1.0,1.0
en_US,no_insertion,time_duration,298,298,0.7986577181208053,1.0,1.0
en_US,no_insertion,time_subtraction,222,222,0.7477477477477478,1.0,1.0
en_US,similar_insertion,date_addition,1200,1200,0.9666666666666667,1.0,1.0
en_US,similar_insertion,date_duration,1170,1170,0.9367521367521368,1.0,1.0
en_US,similar_insertion,date_recurrence,900,832,0.5552884615384616,1.0,1.0
en_US,similar_insertion,date_subtraction,900,900,0.9377777777777778,1.0,1.0
en_US,similar_insertion,day_of_week,890,836,0.4043062200956938,1.0,1.0
en_US,similar_insertion,interval_date,300,294,0.3741496598639456,1.0,1.0
en_US,similar_insertion,time_addition,298,297,0.7811447811447811,1.0,1.0
en_US,similar_insertion,time_duration,298,298,0.7483221476510067,1.0,1.0
en_US,similar_insertion,time_subtraction,222,222,0.7477477477477478,1.0,1.0
hi_IN,dissimilar_insertion,date_addition,1200,1200,0.8941666666666667,0.9976368542108393,0.9971617334891597
hi_IN,dissimilar_insertion,date_duration,1170,1170,0.8683760683760684,0.9992890744405398,0.9991394548330077
hi_IN,dissimilar_insertion,date_recurrence,900,900,0.14444444444444443,0.9812186212603482,0.9845153735893243
hi_IN,dissimilar_insertion,date_subtraction,900,899,0.8609566184649611,0.9988112232012535,0.9986065145445044
hi_IN,dissimilar_insertion,day_of_week,890,880,0.1943181818181818,0.9738366511279479,0.9735914757295077
hi_IN,dissimilar_insertion,interval_date,300,298,0.24161073825503357,0.9978018944230973,0.9978954752718344
hi_IN,dissimilar_insertion,time_addition,298,298,0.6778523489932886,0.9978965742698926,0.9976058226393412
hi_IN,dissimilar_insertion,time_duration,298,297,0.49158249158249157,0.9971194463680411,0.9931084512150888
hi_IN,dissimilar_insertion,time_subtraction,222,220,0.5681818181818182,0.9981970619602792,0.9982353487508127
hi_IN,no_insertion,date_addition,1200,1200,0.8941666666666667,0.9960438572215806,0.9956105347166799
hi_IN,no_insertion,date_duration,1170,1168,0.872431506849315,0.9994820204037093,0.9994859933179131
hi_IN,no_insertion,date_recurrence,900,899,0.16796440489432704,0.9829896298924325,0.9858218787485498
hi_IN,no_insertion,date_subtraction,900,899,0.8542825361512792,0.9984490180903999,0.9983865763149403
hi_IN,no_insertion,day_of_week,890,869,0.2048331415420023,0.9402632547781264,0.9223606280488482
hi_IN,no_insertion,interval_date,300,299,0.2809364548494983,0.9977613429444214,0.9978139801176287
hi_IN,no_insertion,time_addition,298,297,0.6531986531986532,0.9979486802940779,0.9980592355075522
hi_IN,no_insertion,time_duration,298,298,0.5167785234899329,0.9972210804704856,0.9971512430939227
hi_IN,no_insertion,time_subtraction,222,220,0.6681818181818182,0.9982756766793203,0.9986515641855448
hi_IN,similar_insertion,date_addition,1200,1200,0.8783333333333333,0.9979759775943592,0.9978162340337866
hi_IN,similar_insertion,date_duration,1170,1168,0.848458904109589,0.9994556095237146,0.9993051723785584
hi_IN,similar_insertion,date_recurrence,900,895,0.14972067039106146,0.978114834800985,0.9826000497141437
hi_IN,similar_insertion,date_subtraction,900,899,0.8420467185761957,0.9969490711628801,0.9957169920105428
hi_IN,similar_insertion,day_of_week,890,875,0.16114285714285714,0.9692417524050563,0.9633521271143004
hi_IN,similar_insertion,interval_date,300,300,0.2733333333333333,0.998832928079701,0.9985995966838449
hi_IN,similar_insertion,time_addition,298,298,0.674496644295302,0.9977986033320225,0.9975247524752475
hi_IN,similar_insertion,time_duration,298,298,0.5134228187919463,0.9976126522367843,0.9977020298736117
hi_IN,similar_insertion,time_subtraction,222,222,0.6486486486486487,0.9972929380902242,0.996438671834084
