task,responses,scored,accuracy,cot_ratio_avg,cot_ratio_pooled
date_addition,7200,7200,0.925,0.9986094481711298,0.9984745484272203
date_duration,7020,7016,0.9015108323831242,0.999704450727994,0.9997674796544698
date_recurrence,5400,5314,0.36319156943921715,0.9903871809922941,0.9952135757575757
date_subtraction,5400,5397,0.9001297016861219,0.9990348854090889,0.9988119605513648
day_of_week,5340,5100,0.29058823529411765,0.9805569430518551,0.9859675882692532
interval_date,1800,1779,0.3136593591905565,0.9990660275745366,0.9994702853089388
time_addition,1788,1783,0.7206954570947841,0.9989406429826655,0.9991665723487226
time_duration,1788,1787,0.6502518186905428,0.9986588631792186,0.9979275135217106
time_subtraction,1332,1328,0.6829819277108434,0.9989609461216372,0.9990946491099602
